url,label
https://www.google.com,0
https://www.facebook.com/login,0
https://www.amazon.in/gp/product/B08,0
https://in.linkedin.com/in/some-user,0
https://stackoverflow.com/questions/12345,0
http://example.com/about,0
https://docs.python.org/3/,0
https://www.tutorialspoint.com,0
https://github.com/username/repo,0
https://www.ndtv.com/latest,0
http://secure-login-google.com/verify,1
http://login-facebook-security.com/confirm,1
http://paypal-secure-login.xyz/auth,1
http://verify-account-google.com/secure,1
http://bankofindia-verify.com/login,1
http://free-gift-amazon.com/claim,1
http://xn--goog1e-8s2b.com,1
http://192.168.0.1/login,1
http://secure-paypal-update.com,1
http://verify-account-1234.com,1
url,label
https://www.apple.net,0
https://facebook.dev,0
https://app.netflix.net,0
http://132.22.208.15/login,1
https://app.amazon.io/login,0
http://97.111.38.208/login,1
https://instagram.io/kfff5vaspss,0
https://app.amazon.dev,0
https://api.netflix.net/7wmk111t1t3,0
http://app3e-secure-login.site/682vcxumc/gjvu,1
http://bit.ly/7mp2n5,1
https://app.paypal.dev/hty6qsfdp/1sunnus5fd,0
https://secure-apple-login.info/7uzdnxs2/jwjek8b9/b73hxabs,1
https://instagram.in/login,0
https://www.instagram.ai/ojjscic12/uxte2m,0
https://app.amazon.net/login,0
https://apple.co,0
http://netflix.com.verify-account.xyz/s63f/19pg3/aoh2pc,1
https://blog.facebook.io/1u3haf5b8edz,0
https://blog.twitter.io,0
https://api.facebook.dev/login,0
http://bit.ly/h3hysu,1
https://blog.google.org/m7wzo/qsg4hg6i87vm/kpiq,0
https://secure-netflix-login.xyz/25rkvei,1
http://156.71.168.56/login,1
https://app.twitter.com/login,0
https://api.instagram.org/b1ow6/jlck3ka5ccty/fd2v3t32,0
http://bit.ly/ntsi6u,1
https://api.google.dev/tniq2wt,0
https://blog.microsoft.co/g8vs84n/kocyznbom86,0
http://bit.ly/enk85u,1
https://blog.twitter.in/7dnre,0
https://blog.google.dev/32964,0
http://instagram-secure-login.biz/7tsz1mr0/xzhkrpfq5ir,1
http://107.174.73.119/login,1
https://blog.twitter.io/iowbu/tlkuor3xh/3airqszq2ap,0
https://blog.paypal.net/v1ich8ph9lp/31rq5aef,0
https://app.netflix.io,0
https://www.google.ai,0
https://www.twitter.co/3mb,0
https://api.google.in/6pdxy2i20zcu,0
https://api.microsoft.net/5fs80esq0tl,0
http://ouydgpbc.xyz/00f09a%2Fed9d7f40%2Fdf944%2F4566f%2F8896,1
https://twitter.org,0
http://google.com.verify-login.xyz/,1
https://secure-paypal-login.cf/5rbz,1
https://api.twitter.com/0yimh5/9dfsf3gt/m42k,0
http://twitter.com.verify-secure.xyz/,1
https://blog.apple.com/uvj71puy5u,0
https://blog.amazon.dev,0
https://blog.microsoft.ai,0
https://app.facebook.in/4bsivc7/qcgf8jz55pa/jknyd9pyz,0
http://74.182.205.245/login,1
https://secure-netflix-login.ml/qh7m2ag,1
http://microsoft-secure-login.top/k0mau4shld/ovudahve89q/56plcy3096,1
http://net3lix-secure-login.info/,1
https://apple.in/sy7ve/1t4z8,0
https://www.twitter.io/nljdw/l6bnodwm,0
https://www.paypal.net/ca0i9aly,0
https://app.instagram.com/tfi/an2igw,0
https://www.microsoft.in/82yu,0
https://secure-google-login.ga/5uaxmm6iudhx/y8n55ku0l/la5oll,1
http://146.194.126.71/login,1
http://twitter.com.verify-secure.biz/,1
https://google.in/k9cliudt0yrr/rrrr/p501zp9,0
https://www.apple.io,0
https://secure-twitter-login.top/x9gku4/fzo19u29j7l/tbj5,1
https://blog.microsoft.org/rcy/07e6ivf,0
https://app.instagram.org/yolcm3098j/5ltj6bdw2xv,0
https://api.amazon.org/1elv6x707/8dphzwf2/kch,0
https://www.netflix.in/ki2aiz4nx,0
https://twitter.io/53h/6sjn1x,0
http://27.5.167.217/login,1
https://paypal.ai/ftlvurp/kcbis/qqm28iicthfv,0
https://app.instagram.in/48c9kqvtz8/0tw1omm66u7/1ty8bp0,0
https://app.apple.net/vitbqviq7e,0
http://bit.ly/i4rs11,1
http://181.127.34.50/login,1
http://twitter.com.verify-account.site/kkjher,1
https://api.apple.org/login,0
http://lusnnfswsb.top/51c7c%2F214bc8edc3,1
https://www.facebook.in/16fuv,0
http://fyhlsjrjcl.co/4e41d5%2Fe0c81d933%2F631d3f0%2F35a40%2Feaa5296,1
http://bit.ly/h032mw,1
https://api.instagram.co/ektsiang/l3ou99ns8okw,0
https://www.apple.ai/jxc1nk2mw71,0
http://bit.ly/pktf1g,1
https://app.netflix.ai/k21ytp5ppr7o/ilue2qaadb8b,0
https://api.amazon.ai/8sq8q8hf/3h381z,0
http://bit.ly/75jqkv,1
http://162.58.56.135/login,1
https://app.facebook.ai/152jdgst,0
https://google.io/iv4ibzas/67e2l0avtlfb/o99s1vv9,0
http://twitter-secure-login.biz/s9iz48ske/t6ekio1,1
https://secure-microsoft-login.ga/1io89ilh,1
http://instagr4m-secure-login.site/q5c/wm912n/cp9,1
https://blog.paypal.com/8ymip2k2xku5,0
http://ppkxpax.ml/881d19%2Fd2fb0ed4%2F5c48e17%2F7a8f3e7ed,1
https://amazon.ai,0
https://www.apple.in/ckaavzka3/cbev,0
https://app.twitter.in/0wezv0e08x3b/1qtkcwu4xbo5/l2cl2xmlod,0
http://bit.ly/m21720,1
http://google.com.verify-account.info/xj8q8o/qnj/qx8dfx,1
https://amazon.io,0
https://secure-paypal-login.ga/8t9gmwhxe,1
http://uhwqlrc.net/b4245%2Fded3bd%2Fee34a1,1
https://app.google.co/tnxx99fth,0
http://google.com.verify-account.site/u7oj/ud91rg5106t/4ksjak,1
https://www.paypal.co/3wrcg0/27kv1x,0
https://www.twitter.io/wq5fjw6l8b68/gxpaqrl1,0
http://twitter.com.verify-account.info/58tjaendpsv5/d7t,1
https://app.facebook.co/plj0y3kpzdpx/9vhjb,0
http://dcxtijt.ga/55b8c2%2Fc99c9f,1
http://tttkqiyib.info/c8d8af166%2Fb5c2%2F4db4%2F10fa7645%2Fccad,1
http://netfli9-secure-login.info/jmb,1
https://api.facebook.org/gz7/crg,0
https://www.apple.org/ajlf3hej4ee4,0
https://www.netflix.org/bl0vdtnd1j/njx,0
https://paypal.co/52pqjqe/dwb4x7geel6p,0
https://apple.co/zewjx2sa,0
http://87.216.198.167/login,1
https://secure-facebook-login.ga/,1
http://bit.ly/bj4ldf,1
https://api.apple.ai/login,0
https://instagram.co/ioq4/kr9utzmuv7xp,0
http://bit.ly/ej8oln,1
http://bit.ly/1monpc,1
https://app.google.in/pwl4ji,0
http://google-secure-login.xyz/2x6shct9r/h41jaxr8/1jlmm7,1
https://www.instagram.io/bjs53hzybn1,0
http://twitter-secure-login.cf/h8lf2vb/32u7p,1
http://apple-secure-login.top/xq6pulce9,1
https://apple.org/w5yz,0
http://bit.ly/1pd1qh,1
http://edprmiplofq.com/238572%2Fde5e2bd02d%2Faf59%2F5320c3d89a%2F2318%2Ffab6a387,1
http://bit.ly/gp6i2v,1
https://www.instagram.in/4pgm/fj7gvs9m7,0
https://blog.apple.com/ld1sucnhw/5fi,0
http://dngbsjs.net/523f8a02%2F78614%2F6a8e6df%2F7a0c339a1,1
https://api.microsoft.co/glvvc686r1/cf4q551svkb3/2b5my,0
https://google.ai,0
http://109.190.9.164/login,1
https://www.instagram.org,0
https://app.microsoft.net/6iub/q3n74198,0
http://156.65.77.135/login,1
https://blog.instagram.net/bh8/f7ekk,0
https://api.twitter.in/762yc,0
http://bit.ly/8i3sjv,1
http://microsoft-secure-login.top/,1
https://www.facebook.net/pc8jsr2jiku/ifkqiufmt/4eu,0
https://www.google.net/5vvmx4h93c,0
https://www.paypal.net/ns8z8n,0
http://facebook.com.verify-secure.site/9lhtg4unb,1
http://cqwpepiujv.biz/31a939e712%2Fa74105a5b%2Fad68%2F9df93d8,1
https://app.microsoft.ai,0
https://app.twitter.ai/v5f70sx/jmxegv8fu03e,0
https://blog.twitter.org/g7k/o0ykimoys9/me1niu8f,0
http://netflix-secure-login.info/,1
http://hxfggathx.ga/c6398dcd97%2Fd61882%2Fc8b6b28b,1
http://bit.ly/qenkfv,1
http://bit.ly/zbpfvx,1
https://api.microsoft.in/pmj2k/gema8wr,0
http://netflix.com.verify-account.top/mvws8bbn9/0gzue,1
http://157.158.217.203/login,1
http://npgfso.net/0479abbba%2F9714f%2F80a3bb%2F3aa46e5,1
https://amazon.co/login,0
http://microsoft.com.verify-account.site/t35mjp7wy/bbxpcd4zr,1
http://twitter.com.verify-account.tk/b62wl612i95w/airmo7kc1fg/a2uqdovixc,1
https://twitter.net/hhxbu52oy8h,0
https://www.google.co/nd570/qyom6,0
https://secure-twitter-login.biz/ef1ejxfk,1
https://api.instagram.com/wyk1xioh/q1fsmqt77/zjxp3js91lm,0
http://1w7tter-secure-login.ru/7tqkxjc/ms5vgb4,1
https://api.facebook.net/zfyrxf0z/8pxdgum0/i74ju,0
https://www.facebook.in/ersex2mcd/nvgczb4/kav5pttc,0
https://blog.instagram.com,0
http://102.86.114.173/login,1
http://twitter-secure-login.biz/yrbdh34v698,1
http://90.159.172.100/login,1
http://micrlso1t-secure-login.biz/gux/o12v5irziz/6gnvzb7aml,1
https://blog.google.com/e4r7c31c01yc/5coohsh/am7,0
http://172.81.6.94/login,1
https://facebook.net,0
https://app.netflix.dev/vd7zqyz/lf12w6g8t/5ua3,0
http://101.38.37.134/login,1
https://blog.twitter.org/gpplhe7ktt3y/64bl539blah/4gydaoly1uxx,0
http://payp8l-secure-login.site/e6kte9kxhkid/3pci0omrgt/z35u,1
http://171.24.253.94/login,1
http://facebook-secure-login.info/,1
http://bit.ly/ickg85,1
https://api.instagram.dev/fnw/0sgxeo44v1/5qfx,0
https://api.paypal.in/98xczmng/uytd7e/cwapn,0
https://app.twitter.ai,0
https://blog.google.com/iv9hbv77zes,0
https://blog.paypal.com/login,0
http://osaunu.dev/98d7b%2F74ec1ad3%2Fdff9f%2F8d5f%2Ffbcbfb4%2F4e1c03e84a,1
http://g2ogle-secure-login.biz/,1
http://66.48.80.18/login,1
https://blog.google.in/rkc496xr9i,0
http://netflix.com.verify-account.xyz/,1
https://blog.facebook.com/wfmvjz/6rro0dy/2hmrdqij,0
http://aplle-secure-login.cf/,1
http://googl6-secure-login.site/,1
https://secure-instagram-login.xyz/r82192t77,1
http://mdjwtof.co/bf863df503%2F2dc9e5,1
https://www.microsoft.co/wajs9/66f358uso,0
http://56.76.116.83/login,1
https://secure-facebook-login.xyz/6spy/3uvv2eyo/8bbp72495xn,1
http://twi1ter-secure-login.xyz/2bgpdel3s/g6sbeu8ve/o3c434,1
https://secure-instagram-login.ga/i2tdcw0f,1
https://app.apple.co/mst3b/zj42jnbw89,0
https://amazon.co,0
https://app.facebook.ai/s0zigxzaay/um6so8hne0ls/25ls,0
https://app.google.net/login,0
http://tzhkltw.com/4eec8%2F6e4b51,1
https://api.apple.co/login,0
https://secure-microsoft-login.ga/idg4irmz,1
http://isxiqrmr.cf/1edd760e%2F07e0%2F6d527%2F0a43ca,1
https://amazon.io,0
https://twitter.io/8h330mq4vn,0
https://blog.amazon.com/4a1x5ltc/voye4it9bn8r,0
https://app.instagram.io,0
https://secure-instagram-login.tk/,1
https://app.facebook.org/fsd8wo,0
https://google.net,0
http://bit.ly/xmna1n,1
https://secure-microsoft-login.tk/lof8grjuc8u/rj1w8us/m9vz2t7n8w6e,1
https://blog.microsoft.ai/2qy/jpoamexv6spg,0
http://4oogle-secure-login.biz/s73k,1
https://app.netflix.io/9jusl8/bhs/qkypr8iq6o2j,0
https://blog.facebook.com/wjdglr,0
https://secure-apple-login.xyz/,1
https://api.twitter.in/v2voey6ytjeq/rzhksmlqhbus,0
https://secure-instagram-login.top/s3h4,1
http://134.150.22.9/login,1
http://wgacdpxlhk.net/f871b0%2F4ecbd4%2F442d7%2Fef5b57f401%2F5fdf%2F3af8b91ba2,1
https://api.paypal.io/6h2v1xk,0
https://secure-netflix-login.ru/m72p/ovn838s/0iy,1
http://tw0tter-secure-login.top/zjb538eixn1/jd3if95qv,1
http://vfkuyr.info/65b29c15e%2F4d56c6dbf8,1
https://blog.twitter.co/y92/vxw,0
http://jdxyxomiihp.ml/4370d24%2F4ffa%2Fe4dca15f,1
https://api.google.org/login,0
http://54.109.241.71/login,1
http://netflix.com.verify-login.site/o9kupbg2nv/uwbazm74j7,1
http://n6tfl20-secure-login.ml/c1pt7b0j9d5x,1
http://bit.ly/6a8sjo,1
https://www.facebook.net/qkxb0,0
https://api.facebook.ai/r6u9gelu/87h1ymnu52m,0
http://pa2pal-secure-login.info/,1
http://58.146.186.40/login,1
https://www.amazon.co/ackyrrzj,0
https://api.apple.co/ceyjkrdnj/xge/724duk3qi7c,0
http://tqvkaccuk.ai/252907705%2Fcb9f91,1
https://www.amazon.com/login,0
https://www.google.ai/w4w9ho225,0
http://dzylnmdmsy.org/7bdd%2Fcb349d0702%2F5cfea8%2F3170c,1
https://app.apple.dev/asygfj/00jelnrnx,0
https://secure-facebook-login.tk/fquy4t,1
http://paypal-secure-login.top/,1
https://blog.amazon.net/0qhi0ndzh6/dony8t9dr3ks,0
http://twi4ter-secure-login.tk/yrbib/cxblrdl1/6nazudxxpl3,1
https://apple.dev/phqs55a0b,0
https://apple.in/m594irryhkd6/61u4dapao5bm,0
https://amazon.com/h6mkbs78r8/oep8ze/qgz,0
http://google.com.verify-login.tk/gx3/zrkbn1/j4yhi8z,1
https://microsoft.io,0
http://amazon-secure-login.ml/wuuqx7ps,1
https://www.facebook.in/login,0
http://105.175.194.50/login,1
http://195.158.72.254/login,1
http://twitter.com.verify-login.info/wsqyqp1w55,1
http://twitter.com.verify-secure.ga/,1
http://bit.ly/tcoskv,1
https://www.netflix.io/4izjj3cg3/zklo,0
http://bit.ly/73ql9o,1
https://api.google.co/ok9l/uh264/iu00okopn5,0
https://app.twitter.co/un8sslni5e2e/182azqk,0
https://www.google.in/cgh9n0sz/ysjok1sxbu/q111px1,0
http://65.105.248.152/login,1
https://api.netflix.org/slx4,0
https://instagram.dev/24g1wfb1,0
https://twitter.in,0
http://bit.ly/kc5vwp,1
http://27.238.92.42/login,1
http://19.69.110.187/login,1
https://app.amazon.dev/aiz684e/8c2xt19wj2,0
http://orwxor.info/703b1ca5%2F85343b%2F6cbe47%2F5588fba027,1
http://facebook.com.verify-secure.ru/25re/13oopqv/4632zy40t7m9,1
http://pa7pal-secure-login.tk/lva7zfn,1
https://www.google.dev/1bfz/q9f/xwc,0
https://microsoft.co/46xckvc3b/e34/hmx,0
https://www.instagram.ai/73v84ke2d97o/sidw5k9tvq8,0
http://auhxsnrcqz.xyz/e0bc3%2F3025d%2F42431c%2F3c2f5f71d4%2F1a0ac142a,1
http://bit.ly/bywndm,1
https://www.netflix.in/9ydmw564alx,0
https://api.twitter.co/g108hroj25,0
https://www.facebook.io/af8/zoszo/jfqzl5,0
http://131.226.120.42/login,1
http://bit.ly/wlo3w8,1
http://twitter.com.verify-secure.ga/,1
https://www.microsoft.org/r7pv29/1r4,0
https://netflix.org/05zfut2k,0
https://secure-paypal-login.tk/,1
https://secure-instagram-login.cf/a0xgsgoxxbj/cnmw/3j3g3i7fj0u,1
https://api.netflix.io,0
https://api.twitter.co/w9tfx4ywnma,0
https://api.apple.net/arc9dtkaxsap/ccc1n/2av05yapln,0
https://blog.apple.ai/qt86ne6kwgp,0
http://117.171.54.105/login,1
http://imuvisse.org/6580%2Ff9e352,1
http://bukglu.cf/0f3d6f245%2F3e18c3%2F007c2d%2F044a6%2F24cf2060,1
https://blog.apple.net/sc9k6i/drv0bk/1m40upb03ax,0
http://paypal.com.verify-account.site/,1
https://twitter.net,0
https://www.instagram.in/uk0zazy/hj3t29n7ci/pm364yhzucug,0
http://microso9t-secure-login.info/bqqave0aqu/zx9s/rurxqocnc,1
https://blog.paypal.net/ncfi/f8cpujzzhem/gp8,0
http://bit.ly/4rx31b,1
https://paypal.net,0
https://secure-twitter-login.biz/mm6zxr9vkfq/3jq5smdrg,1
https://instagram.net/98m0gzem/nupqkikcg1ok/ax5tw,0
http://apple-secure-login.ml/,1
https://www.netflix.ai,0
https://microsoft.com/2ndqw/y91e/h4795p,0
http://spyzod.ru/1133%2F97aff6bf%2Fd47918a,1
https://api.microsoft.com/jymje2t2cgz,0
https://google.co/higztquu/ik62k29g/con,0
https://app.netflix.co/5el/j44vkzzl,0
http://29.172.7.19/login,1
https://api.instagram.com/gcdxaih,0
https://blog.facebook.net,0
https://api.apple.io/ymp4vpzutst,0
https://app.amazon.dev/1pky433c05k,0
http://189.127.181.65/login,1
https://blog.netflix.co,0
https://google.ai/xayhcu,0
https://secure-apple-login.tk/ne54/75p5rvqv,1
https://app.paypal.in,0
http://bit.ly/p2ll4p,1
http://netflix.com.verify-login.ru/a27vf777uxk/fdu6inyw6g,1
http://bit.ly/jdjbri,1
https://www.apple.com/login,0
https://api.netflix.io/5ufj,0
http://google.com.verify-login.ru/,1
http://67.248.240.146/login,1
https://paypal.dev/zcyzs2,0
http://87.0.242.129/login,1
https://app.netflix.dev/wvs/dq570d1w3qm/mu41n7o6,0
http://bit.ly/nw7eya,1
https://www.paypal.com/mc2qz1a3/31ayi9/5fsa9d6,0
http://google.com.verify-login.cf/,1
http://bit.ly/nzjho3,1
http://paypal-secure-login.xyz/t95spqf/mzq4837,1
http://5ns9agram-secure-login.xyz/vp1d,1
https://api.amazon.dev/x2b/a1569q,0
http://qbghzvtpiwug.ml/7a15%2Fbb6e686dee%2Fe10186a55,1
https://secure-apple-login.ru/b86ksly8xdcj/51xe1w/lj0zi,1
https://secure-google-login.biz/,1
http://dyitzwtu.dev/5f30393796%2Faf9ee3,1
http://cxgivo.site/4e3b0a222%2Fa48b90%2F7b8f%2F28354fc120,1
http://instagram.com.verify-login.site/mjhr6vyl,1
http://112.60.91.131/login,1
http://n03flix-secure-login.ru/,1
http://amazon.com.verify-account.biz/mv0k/ejdraz1eg,1
https://www.instagram.dev/login,0
http://xdhaukagmjef.tk/eeb1a1abdc%2F35cc5%2F9745efabd%2Fdf42,1
https://secure-amazon-login.cf/,1
https://www.instagram.net/q1p37w4bte6/mok/odrit2kehb,0
http://120.71.187.238/login,1
https://www.google.co,0
https://secure-paypal-login.ru/,1
http://amazon-secure-login.top/sfpd39l0o7/hmms6,1
http://twitter.com.verify-secure.site/,1
https://api.facebook.io/gxnsl9/yutfhdgz/uwd7jtm,0
http://bit.ly/nc20ri,1
https://api.instagram.com/4boh67wcnc/4ridmp,0
https://blog.paypal.org/0618xru6,0
http://gvhwtroby.ru/9a9b%2F2dbdd6c%2Fbc8b51c%2Faaa5c,1
https://app.twitter.dev/8knowcu/ozo160zs9/agais0r6mt,0
https://blog.instagram.io/login,0
https://app.amazon.com/1bochc3a/eymv8eh7yr,0
https://twitter.dev/ydshj/8llt92/3o7w11,0
https://www.netflix.co,0
https://app.instagram.dev/0ftditwj0izg,0
http://jgiwoataja.org/7bb510da04%2F5ab09ffd%2F1d3aad3%2F464b82%2F72f09,1
https://app.paypal.io/uh627xrc48w,0
http://ftsywtkpabkc.top/47738%2Fc8fe3%2Fa0690,1
http://bit.ly/u53rix,1
https://api.twitter.io/neap/0fhg7,0
http://bit.ly/9ux325,1
https://www.microsoft.ai/wcr/h6re4s8cpb/lyd30,0
http://bit.ly/l0g0go,1
https://www.apple.ai,0
http://2oogle-secure-login.cf/,1
https://instagram.net,0
https://secure-netflix-login.info/s43pzqb7gjb,1
https://app.apple.io/re89ztud/e8a/on6ozbj93r,0
https://api.instagram.io/punk/bfq68n,0
http://bit.ly/d0hf4r,1
https://google.net/fnl9p1x,0
https://www.instagram.net,0
http://gfsxkepfro.site/0f119%2F2220f2c8e%2Fe942e88%2Ff8b94df%2Feadd,1
https://app.amazon.dev/jus,0
https://blog.facebook.io,0
https://api.paypal.com/jjrwsnom,0
https://www.apple.dev,0
https://app.amazon.net/mm0bkxa,0
http://gguvtqmwc.tk/47ad61e5e%2Fc9ba38b%2Fe9cc%2F006a560ed%2F720ca5%2F3981,1
http://micro5oft-secure-login.info/,1
http://150.161.100.101/login,1
https://blog.twitter.com/1airbid/unjr,0
http://bit.ly/qgba9u,1
https://amazon.io,0
https://blog.netflix.io/ubjj/du6/jdedg4y,0
https://www.instagram.in/login,0
http://microsoft.com.verify-secure.tk/af4no/q750z00t15,1
http://187.12.129.228/login,1
https://www.facebook.net,0
https://secure-instagram-login.xyz/,1
http://bit.ly/rh4lnz,1
https://blog.amazon.ai,0
https://api.google.in/h8qn4,0
http://netflix.com.verify-login.top/,1
http://bit.ly/aoybua,1
https://app.apple.io,0
https://app.amazon.io/login,0
https://app.google.ai/login,0
http://paypal.com.verify-login.biz/,1
http://47.59.12.2/login,1
http://netflix.com.verify-secure.top/iivxbsv/e29y0,1
https://twitter.org/login,0
https://www.apple.org/8ycq354fu3xe,0
http://164.241.63.180/login,1
https://api.apple.co/1tjkn,0
http://google.com.verify-secure.biz/tzy61p,1
https://blog.microsoft.in/7wq19gxjn,0
https://netflix.io/u2ddyo7z,0
https://blog.twitter.ai/vs2i4/ix2/gotv,0
https://secure-netflix-login.ru/ht1nod2mfx7n,1
https://app.instagram.org/9dup,0
http://bit.ly/jikhny,1
https://api.amazon.org/qp1q1ozo9ky/kgg14,0
https://paypal.org/5yc394bl/38uwssspxegk,0
https://google.in/osoi5ltl6j2/si4tnw0i,0
https://app.netflix.dev/login,0
https://www.instagram.com/lpvy6k1l/03vrlv4sk7s/ohoqr9zk5hqw,0
https://amazon.io/a0s1470ddonz,0
http://fzfokrgj.biz/11e8142208%2F80cfdb%2F7f901fb%2F37465%2Fdcb111aa%2F1a0b1c870,1
http://69.101.129.91/login,1
http://bit.ly/t1ujtj,1
https://paypal.net/qvv7g7xfphen/un3,0
https://blog.microsoft.ai/login,0
https://api.apple.net/24f7wh/jh2h4nqrpv/htoh,0
https://www.netflix.dev/rosyic,0
https://app.google.dev/r6d4n1dhyr9,0
https://api.facebook.com/k09sa/sc03ug1/31yw,0
http://oxcdkxuxpqfg.org/8d4ed490a%2Fd2ace%2F38ba2,1
http://180.185.77.224/login,1
https://api.paypal.net/ncmiwtkhonf/c4ncwdq,0
https://api.instagram.ai/2fcxyq7ll7g3,0
https://api.amazon.co,0
https://app.google.com/gpqjl8m/v7jnc9/tvahwfm7,0
https://blog.twitter.com/feokk95,0
http://googl1-secure-login.xyz/,1
https://api.netflix.in/o5x6dmzr4iv5/gjknt,0
https://www.apple.org/nfldkf,0
https://www.facebook.dev/8qlfsx6vnk/68e4nigm/iqk281,0
http://hahrsnam.com/cc07c57f%2F92e8%2Fc407e04ab,1
https://paypal.org/d3hnd,0
https://blog.amazon.com,0
https://www.google.in/uc4/w0s49zr,0
http://etlepdxry.tk/bdc66d%2F3cbaa08%2F12f18e663,1
https://app.microsoft.in/3icjs332ay,0
https://twitter.ai,0
http://aiazon-secure-login.top/94hnogm86,1
https://app.apple.net/rxqecd/kvh9ltxqx,0
https://blog.google.co/6a3deicp0,0
http://pfnklebfwtvc.biz/ee713%2F49f491%2F2ce32b56%2F629b7047%2F9ad1,1
http://google.com.verify-login.xyz/1i5b9p/0y0eskgsrf/x0venm4uri,1
https://app.instagram.net,0
https://www.instagram.co/33nq,0
http://pzbvyvsfesrr.info/df0b8fb79%2F8fc577%2F2be8de8c%2F458b%2F5655aa38e7%2F00be93374b,1
https://app.facebook.dev/owx37hnri,0
https://secure-apple-login.xyz/60bpvxmlt,1
https://secure-twitter-login.ml/lnv2xqc/ocgwcrvdr98g/hpyi5,1
http://bit.ly/7syeaq,1
https://netflix.net/loenku0pe83/etps1ng,0
https://secure-netflix-login.cf/0aru1se/uvz/pjk9pmj5h,1
http://ijwobvvduak.dev/64f7f9a1%2Fc7310b97%2F2d30b%2Fb42a2a2%2F57658%2F73342a113,1
http://instagram.com.verify-account.ga/ekd90q4nxq/zh8cz9agdc30,1
https://api.netflix.io/w85g18di1f/70nccfgkn4/piguy,0
http://n0tflix-secure-login.ru/sa793,1
http://124.88.21.3/login,1
https://api.apple.dev,0
http://google.com.verify-login.ru/ag5kx/6xd84aitfhvq,1
https://api.paypal.net/ddo4qfp/ekv5go5uf,0
https://www.netflix.org,0
http://91.74.211.20/login,1
http://157.193.116.49/login,1
https://app.apple.org/4fe/j4sf558/rpmcf,0
http://twitter.com.verify-login.ml/yw3xmil/jeae7c,1
https://twitter.net/ywiqtcfm6l,0
https://blog.netflix.co/2skoo624/pikq366aaxo4/nfut7zcn,0
http://netfli0-secure-login.info/c3ftziot/s24z5,1
https://secure-google-login.xyz/01tdt333kz/e5qmnayk4nny,1
http://facebook.com.verify-secure.ml/ome1em7/s3cg5ylz3y/jg2equ9s13ap,1
http://bit.ly/v007ub,1
https://www.microsoft.dev,0
https://www.paypal.io/gt5ru0/tsi0fpn,0
https://blog.netflix.ai/nuq/xs4fanmu,0
https://api.microsoft.in/efmp5ad/qqmotoom,0
https://blog.google.ai/gvjpg0g9bs98,0
http://mzzxxxedykkg.tk/d8053%2F3c1baaee8%2F18cc1a75d%2F594837%2F319bd142a%2Fa6afcc178,1
http://bit.ly/k7l4tu,1
https://secure-facebook-login.biz/ro20ublb/v1kkcpuork/t8kkirxdnq7,1
https://www.facebook.org/ieprsgvqms9i,0
https://secure-apple-login.biz/lc46aooj/uupeqt/pu2w,1
https://app.paypal.com/u4a,0
http://bit.ly/917e77,1
http://bit.ly/fvjawp,1
https://app.twitter.org/otv8/k2ncoukbk,0
http://18.222.242.118/login,1
http://netflix.com.verify-account.ml/kc53kvtfei/6lu4tyzpv,1
http://111.173.208.76/login,1
http://paypal.com.verify-account.ml/8fmf5klub9yi/9wlv739b,1
http://bit.ly/owy37j,1
https://app.facebook.org/lekn4p7,0
http://bit.ly/zx3oy2,1
https://app.facebook.net/wz5dmoy4wr,0
http://0witte5-secure-login.ml/tcrhzru/ev2u/ivt5cy,1
http://42.217.190.97/login,1
https://app.paypal.dev/kpge0e/myn,0
http://twitter.com.verify-secure.ga/pkpz39pn/cfd5/r1dgtr0yki,1
http://twitter.com.verify-account.tk/qiilapvlecx,1
http://facebo9k-secure-login.ga/145l5/4k3o8kbhxnoy,1
http://164.136.213.41/login,1
https://secure-facebook-login.info/,1
https://secure-amazon-login.ru/jrt7r4wc87k0/o6u/ujgfrtlj,1
http://kxfzkfsoikqo.site/755a%2Faeaf8cb80e%2Faad4,1
http://twitter.com.verify-secure.top/soc8q01ieb/r0ye5zlv3/xb3kwo,1
http://apple.com.verify-secure.info/qfubq6p0qs/zvp/klenxk0h3vr,1
https://secure-paypal-login.ru/m1q0p7sdq0/hwwhf/scf,1
https://www.facebook.in/p9x9/23bqb5nemt7/oy6pbs47hi,0
https://google.dev/stjkce/uqdd,0
https://api.microsoft.io/mhh/uoawcvab,0
https://api.netflix.dev,0
https://secure-google-login.cf/,1
http://37.182.93.118/login,1
http://twitter.com.verify-account.biz/,1
https://app.paypal.dev/f3xkg,0
http://erkiuq.dev/9963f0%2Fa006da469%2Fe664%2Fdde02%2F5e24688a%2Fe723c756,1
https://app.microsoft.com/j2lzacxcn1m/961qvmg8je6,0
https://www.facebook.in/2q93z0vq,0
https://app.amazon.ai/sd4y0r/wln2d,0
https://blog.twitter.dev,0
http://bit.ly/8c7ab0,1
https://secure-apple-login.top/,1
https://app.netflix.dev/hxejx66l/r2d79dxx,0
https://secure-twitter-login.ml/1hqb4mseum/zhln9i,1
http://nujdorn.tk/2507569c%2F8019e%2F5e70a2e5%2Ffc6b2%2Fd6520%2Fd7929,1
https://blog.twitter.org/x2287u6hfaa,0
https://api.paypal.ai/login,0
https://api.apple.net/fp27wh3jwo8/dmpen4ld3a/qy2l9f,0
https://secure-netflix-login.ga/2s6uoqewuu/lryy,1
https://paypal.org/dm14as8h,0
https://app.microsoft.org/f6zzz/fz4/e3fjiip,0
http://bit.ly/go5vci,1
https://secure-microsoft-login.ga/dbj7l,1
http://google.com.verify-login.top/31umcn9q1,1
http://pyoehgq.site/6ffac%2F47b079bb%2F0cfcd483%2Ffdfe33b3%2Fe88274a4e,1
http://bit.ly/eoqsat,1
http://bit.ly/bxppbw,1
https://app.instagram.dev/nsq8lfnsv6d3/4mao/cs98,0
http://bit.ly/cy70es,1
http://tqqyplyznvjw.net/a9404f%2Ffac9aedb%2F510ded%2Fd24a4c8789%2Fbd592949,1
http://105.13.198.133/login,1
https://twitter.io/a09a055/cgnae/dm5uzpn28i,0
https://www.microsoft.org/8vnaz86i/6bqqs,0
https://blog.facebook.org,0
https://facebook.org/gznprj4bwj/jhx,0
http://bit.ly/g2s28t,1
http://netflix.com.verify-login.cf/5a6y4azhnje5,1
http://netflix.com.verify-login.xyz/ycbjoy,1
http://paypal.com.verify-login.ga/,1
https://app.instagram.dev/e1tyjr/e2580ko70/i81e4giazo,0
https://app.netflix.com/vw3ikepn/egtu5huh6kc3,0
http://49.20.91.151/login,1
https://api.apple.ai/hib4i5y8h5/knivf454if/qrynrsgn1,0
https://app.paypal.dev,0
http://google-secure-login.xyz/,1
http://faceb8ok-secure-login.cf/c3ry/g4ezi,1
http://ffzbaawtd.tk/341fc12%2F474025f%2Fe6c850%2F72ea574,1
https://blog.paypal.com/vlglr8kh9a/w5n2,0
http://facebook.com.verify-secure.site/zcrvu/66giinpc8,1
https://app.amazon.dev/zs7w0/d3i,0
https://blog.netflix.org,0
https://api.apple.in/vu9wjrlkmn,0
http://72.91.14.98/login,1
https://www.microsoft.com/slkdvpresy/8xe6/xn26yjuoo1q,0
https://api.netflix.in/sxpspq/lmo286c/ho04zm90if3r,0
https://api.microsoft.ai/pzyyc,0
https://secure-twitter-login.top/r3ryiqu92r/6cdtrqqms/lh9jgoiorq84,1
http://35.51.206.205/login,1
http://google.com.verify-account.biz/co29j8h19z,1
https://app.microsoft.in,0
http://osnsaqayo.dev/8e70a453%2Faeba%2Fdf589%2F8d624%2Ff9bb8e%2Ff8cd,1
https://api.paypal.ai/omipma/ufyba2u5nd/x0fpw7,0
https://secure-google-login.info/b9cw0xkcrz6t/8u1o9mug6/5vj3rkokrxrw,1
http://microsoft.com.verify-login.ga/btvu6a6x/591y/cdj13r43slf,1
https://blog.google.com,0
https://api.microsoft.com/login,0
http://21.45.245.224/login,1
https://app.amazon.co/8n8vf/zuznpi/vvgef80ctu,0
http://75.142.176.35/login,1
http://bit.ly/zcc0ck,1
http://instag1am-secure-login.ga/,1
http://vcljzwjwldiz.info/da43bf%2Feba1b1%2Fede7%2Fb08f%2F38d3218ad,1
http://bit.ly/fqzagu,1
https://app.facebook.ai,0
https://app.apple.ai/xja0yn/hjuf79r,0
https://secure-facebook-login.ru/px2ag/8vn4rkjsc/9l58oz0nandg,1
https://secure-apple-login.tk/ovxugvyf/uue1o/fly99hefzg9,1
http://128.238.114.181/login,1
http://bit.ly/eiw4qr,1
https://blog.amazon.net/0gx/dfdd8x/jadbj,0
http://hlmgzjewjei.io/8405837%2Fd225%2Fa1ab,1
http://rnbntsjp.xyz/4131c%2F27a51%2Fecf29d0ce7%2F07c968c%2F0e3ecc8,1
http://facebook.com.verify-login.ru/,1
https://api.twitter.ai/login,0
http://bit.ly/p8v19o,1
https://api.twitter.com/n63p08lu/8s629rx4r,0
https://api.facebook.co/r81imicw7fu/nu8ehvi3v/m7e,0
https://secure-netflix-login.xyz/b6k0huetsmre/m0y/kxuwgc4i5jq,1
http://apple-secure-login.ru/b9jt9c,1
https://api.apple.com/2chv9n9lfspa/gfv4tcg6hn/iolwb9u6bu2d,0
http://apple-secure-login.info/tflfa17cu6/bcvjign8n,1
http://165.251.249.129/login,1
https://app.microsoft.org/x6w09n6l18/gs7076,0
https://netflix.ai/jqosfo4i95zs,0
https://www.netflix.net,0
http://iacebo9k-secure-login.cf/leoy7qfgk/1xc13fjbohdj/gw9vk15,1
http://bit.ly/fz6cd5,1
http://microsof5-secure-login.ml/facbm,1
https://www.apple.org/2ayi/b5tlgjp2z,0
https://blog.netflix.dev/7z2t/j5s3s3f/bwr,0
https://instagram.dev/t1x3jg,0
https://twitter.org/ozq6q7p7/vld,0
https://api.instagram.net/8wq7,0
https://amazon.dev/6sj4/49z6f29ahe9r/0yjxue,0
https://api.google.in/cmnjy,0
http://instagram.com.verify-secure.biz/dgkyqv5,1
http://bit.ly/yv4i25,1
https://secure-facebook-login.ml/40k,1
https://app.apple.dev,0
http://169.232.198.157/login,1
https://api.netflix.org/qpwf7n/tp87k1y2/hxnju7,0
https://api.amazon.org,0
http://insta7ram-secure-login.info/pleg,1
https://api.paypal.org/jlc,0
https://api.amazon.co/lrkzolkuy/gohlahqx4k,0
http://knllrtfrlq.tk/246295%2Fc4c88bf%2F68b7f1bd,1
http://bit.ly/xtxrjq,1
https://app.google.io/lt2o,0
https://netflix.com,0
https://secure-twitter-login.xyz/iewx1v2psg5,1
http://atrncrj.com/20b8f33b%2F5580ce05ab,1
http://dlyiirzhtled.xyz/a3198d%2F96b274b64%2Fea1c3f4ac0%2F5f83907%2F50c9c%2F26cac,1
http://apple-secure-login.biz/exn2/7264,1
https://netflix.com/login,0
https://app.apple.io/r0ruwjz5rsy,0
https://api.amazon.io/login,0
https://secure-apple-login.top/gll9m7,1
https://app.microsoft.ai/lop,0
http://bit.ly/0hpn0u,1
http://ygaqzzkfjfch.ml/2159ba78%2Fbb3c6a53c9%2F70d5dd%2F1dd69ea,1
https://apple.dev/8f1w5l3kmu/a8hbd/3ds5,0
https://secure-instagram-login.cf/oxivdp,1
https://www.microsoft.org/msysz0znzukj/yhfztk2wc/avyzc,0
https://secure-amazon-login.xyz/dw28a39,1
https://twitter.org/hl3xuj87ve/pcuxke0i9b,0
http://paypal-secure-login.tk/,1
http://bit.ly/7bi1s9,1
https://blog.amazon.com,0
http://1oogle-secure-login.info/,1
http://instag9am-secure-login.info/,1
http://9mazon-secure-login.ga/,1
https://blog.paypal.in/dbxn61nwps,0
http://instagram.com.verify-login.site/,1
https://www.amazon.dev/9v0ukhtpo/t1l9/10o67wg3fjn6,0
http://yqqtqa.org/42612b%2F3123c8430%2F1c5d%2F1126,1
https://app.facebook.in/5xedsk/0hmbsges,0
http://bit.ly/utaqql,1
http://google.com.verify-secure.ml/arrm/6z3tc1ei/1o7zh8svixt,1
https://blog.instagram.co/login,0
https://secure-apple-login.ga/,1
https://blog.amazon.ai,0
https://facebook.com,0
http://bit.ly/z8jw2g,1
https://secure-paypal-login.tk/spa/txvnsnpf4sil,1
https://app.twitter.com/fce7/vvnhn96,0
https://www.netflix.in/50dsdqyv9/q62kv0ohxm1,0
https://www.apple.io,0
http://bit.ly/mq6u7a,1
https://api.instagram.ai/g36c8r0n/tpkfo4w0/f8ivdp2adr,0
http://goog7e-secure-login.top/l8h039y0iq,1
https://blog.facebook.in/5xvlqzp0sgd/nalfv,0
https://blog.microsoft.net/uv520efrtyq/3hhb3vulq4e,0
http://google-secure-login.ml/x1gsjmd/cnicy,1
http://paypal-secure-login.xyz/13noy41h,1
http://bit.ly/z3v8q6,1
https://api.google.dev,0
https://blog.microsoft.dev/stt/fray4141td,0
http://56.78.169.225/login,1
https://app.paypal.io/login,0
http://ttkhkvrmugo.cf/99bd25f394%2F593f767c4%2F001334551c%2Fe9bf%2Fcdb08bf491%2F875028,1
https://app.facebook.io,0
https://secure-amazon-login.tk/yy1b/sqipgfey6o3/fecu0jv2,1
https://app.paypal.co,0
http://mwhhwl.top/affda0af%2Feaf22fbc7%2F11adf%2F3b17,1
https://app.paypal.co/chtcdt,0
http://62.20.200.179/login,1
https://blog.instagram.org,0
https://secure-amazon-login.xyz/o94ts1/sqti8g/aqw,1
https://facebook.ai,0
http://paypa0-secure-login.biz/cpqpk7/4fn5kzvh,1
http://28.99.151.137/login,1
https://secure-microsoft-login.tk/jj0uh/8g5n5,1
http://paypal.com.verify-secure.cf/298ygup,1
https://blog.google.ai/tgapsyci1n/dk4,0
https://app.microsoft.in/o8i9di/ry6x1oovmd,0
https://www.microsoft.net/b2kpki1u/f68p/fbsoiw7c,0
https://api.netflix.co,0
https://app.paypal.net,0
https://api.paypal.in/6e7t6js21y6,0
https://api.netflix.dev,0
http://175.155.127.168/login,1
http://100.91.169.79/login,1
https://www.twitter.dev/i9v67rg4a,0
http://ooupwwzy.top/2c700a%2F8f27d69%2F31ddbc9a,1
http://dokiiphzwl.site/cdb80ebe85%2F135b2a%2Ff0f81,1
https://app.facebook.net,0
https://www.paypal.io/hfaei2y5f/7s8/6oi8,0
http://bit.ly/0bqzla,1
https://www.facebook.net/xa6r/0x8akfi4/7811r5y0,0
http://zrlmlnuh.in/3053%2F6db03%2F4073f%2F6f43407,1
http://google.com.verify-login.site/pi35optx7kq0,1
https://secure-twitter-login.cf/y3l/7yhphxhvk/hf83,1
http://bit.ly/55h16m,1
https://www.netflix.dev/9su2qx80q,0
https://api.amazon.dev/login,0
http://lkwcsrd.ai/86a587%2F448f972b2%2F5850a%2Fc492%2F3ead1a557e%2F3dc0c6,1
http://twitter.com.verify-account.tk/cdc4vn1rfwk3,1
https://app.twitter.co/c5nexm9/hqkkbu,0
https://blog.twitter.net/ekz2avmr3m/eopiimai/vd5r,0
https://api.amazon.org,0
http://bit.ly/7186m5,1
https://app.paypal.dev/jtho,0
https://blog.amazon.org/ae69u/ub1h1/advg9r5,0
https://www.paypal.net/j6ub/rmsrlgv/5dtox3n96,0
https://blog.microsoft.dev/yuq7qy,0
https://api.netflix.dev/7qindb6lmmhx,0
https://www.instagram.in/ko351,0
https://facebook.com/wq61tt6b3i6/hzu,0
https://microsoft.io/vt24/2q12hsv0a/adh3h,0
http://facebook-secure-login.tk/z630ll06r,1
http://jxpjaah.site/6272375073%2F97d4ecf1,1
https://secure-twitter-login.info/ncivvx49,1
https://www.netflix.in,0
https://blog.amazon.net/cm0tq4nkh/8k0somfww4/oe2mt,0
http://porhpuve.top/e5207%2F0429884cc,1
http://159.41.185.208/login,1
http://2etflix-secure-login.site/,1
http://91.57.17.85/login,1
https://api.twitter.net,0
https://api.amazon.net/login,0
http://fhkozjoptcco.ml/0d598%2Fd42e,1
http://amazon.com.verify-account.tk/snjbqlj/lwue095a16,1
http://paypal.com.verify-secure.tk/,1
https://api.apple.com/pzd0,0
http://bit.ly/lsjcuw,1
https://www.netflix.co/ayr8gl3ahtnm,0
https://apple.in,0
https://app.paypal.co,0
https://twitter.com/pe10matyxu/azjri9fhh6jc/m3xbumd,0
http://bit.ly/9i3ndx,1
https://amazon.io,0
https://www.netflix.net/0dx86trbu,0
https://api.netflix.dev/jtpv7yf0e8xm,0
https://app.netflix.org/t47a8ll/ixkah3mfyyow/7022wu4o8r,0
https://app.amazon.in,0
https://api.instagram.net/e8i6ymeqnoco/y5nk4d26op9/ykev1x41yn,0
https://blog.facebook.org/login,0
https://amazon.com/rjz/t12y,0
http://43.254.126.191/login,1
https://www.paypal.co/tjjgyku,0
https://app.facebook.net/68w,0
https://api.facebook.net,0
http://nkrtxgrcbn.cf/04bca869%2Ff5c0c84439%2F5a24,1
http://150.87.180.131/login,1
https://blog.facebook.net/7f2xe4/alrcz,0
https://app.facebook.net/login,0
https://app.paypal.dev/r9lsw/wwbytk0dhrd/ef8p,0
https://app.google.dev/h1l4s9x95f7b/r2hepno9rm,0
http://microsoft.com.verify-secure.ru/8pb,1
http://185.193.215.27/login,1
https://app.twitter.com,0
http://paypal-secure-login.ml/,1
https://app.microsoft.in,0
https://blog.apple.com/qpe7ael/9if7iq,0
https://blog.twitter.io/kgvcduqw9dc/8794x5/xbd,0
https://blog.google.co/qe87402mf,0
http://oeghzpzdan.ru/7950cf%2F6ceaa3a,1
http://amazon.com.verify-secure.top/yu1osyd9wk/j96,1
https://api.amazon.io/ih79i2/hx65r9xqdz,0
http://micio1oft-secure-login.tk/,1
http://bit.ly/1fbq6q,1
https://google.co,0
https://facebook.dev/2b95havpyd,0
https://www.apple.io/dl342523a/7f8lwp8ea15,0
http://instagram-secure-login.biz/fezg5h41rc8h,1
https://www.microsoft.io/8nvnac7py/ge1t/4s32fe6qm9,0
http://bit.ly/w2fg6t,1
http://in88agram-secure-login.site/cn3nx/zy2p/6a590z3,1
http://google.com.verify-login.info/0f48t/jvxtgkv/tjj,1
https://app.apple.io,0
https://app.instagram.ai,0
http://dyygyazlhk.dev/e904553eae%2F254f42,1
https://blog.paypal.io/kyt7/a1l,0
https://secure-google-login.tk/,1
http://bit.ly/iyw7ne,1
http://p7y8a5-secure-login.ru/3xv99fvx37/ycyub2,1
https://blog.twitter.org/ze4b/qzwiy/r05y2scnr2,0
https://app.apple.dev/6dk1ahm326yp,0
https://www.paypal.in/meeye1m/j25ed6d3bc1i,0
http://facebook.com.verify-account.site/7wrx3tgbwfn/j55hf/qkjy2or0,1
http://microsoft-secure-login.top/h5ndwk/muk4l,1
http://netflix.com.verify-secure.xyz/usucwwgir,1
http://bit.ly/o9wu7u,1
https://www.google.net/go2i9rkmpolz,0
http://tqvkjw.ai/7cc96e3fef%2Fc54b%2F224e1%2F117219961a%2F751eea5ee%2F57c3,1
https://blog.google.io/ocufrq,0
http://114.194.240.147/login,1
http://91.69.107.221/login,1
https://secure-twitter-login.biz/,1
https://www.netflix.co/eq0ry1j/ef86l66k0/5gz1lj2x,0
https://amazon.io/login,0
https://app.facebook.io/0rh,0
https://app.instagram.in/uiic071/o74i8/t619vohqn,0
http://a4lzon-secure-login.ga/icuwlrm8mf/08200/lr5afowjw4,1
http://62.58.15.220/login,1
https://www.amazon.com/3wvt,0
http://lelkiqghqak.top/e3d0e9e1e%2F3ed6c%2Fbdc4%2F141283%2F87313774c8,1
https://blog.facebook.net/cz1065xp,0
https://app.google.dev/0tujtcplagyw,0
https://app.microsoft.io/login,0
http://apple.com.verify-login.top/,1
https://blog.google.io/o6w8/xgyjn8z9uh9y/7wyetc,0
https://www.facebook.in/qca/m2y7i/6povnid2n8,0
https://api.twitter.in,0
http://microsoft.com.verify-login.cf/9gkyh4b/8czcxpee0,1
http://bit.ly/53wkfw,1
https://blog.paypal.ai/login,0
https://blog.paypal.com/3x3u8viwh7h0/k245txpk9d6/skeu1pb8b,0
https://blog.amazon.org,0
https://facebook.org,0
https://instagram.com/99fcqp/dw3cs/f12ai9355cjx,0
https://google.org/1oi4pke6pk/02yafs0vmau9/9sd,0
https://www.paypal.com/67cn2q,0
https://api.netflix.co,0
http://bit.ly/1rdx7u,1
http://amazon-secure-login.info/1pv/mzr,1
http://twitter.com.verify-secure.ml/qvlu,1
https://www.amazon.net/pp87z5/ldssw/3todnmoq5,0
https://www.apple.ai/ohtccza3n/hh51tlqg9/pxkf92ni6wh,0
https://app.google.ai/wr8s27ov0jp8/t4e6wo3pvo6,0
http://google.com.verify-secure.ru/,1
http://microsoft.com.verify-account.ga/fu34u5,1
https://amazon.org/whm9m/lqlb86e3/9rph7ov,0
http://64.136.108.15/login,1
https://secure-facebook-login.biz/fhbhv7y/s0ue5dza,1
https://secure-instagram-login.biz/2cfszyic0jl/hz48wew,1
https://api.apple.co/tk7z/aelid,0
https://app.microsoft.com,0
https://app.amazon.ai/lz37r/ku14089ga,0
https://blog.paypal.org/5knb9p/g27yh3dd6s,0
https://secure-facebook-login.tk/hlusqynfli0/gnz/tm3,1
http://13.200.143.111/login,1
https://api.microsoft.co,0
https://api.twitter.com/vk5cu8rv97/jaehr43,0
http://bit.ly/w9m0dd,1
http://179.0.1.242/login,1
http://bit.ly/kj8b91,1
http://bit.ly/r8gbpu,1
https://app.twitter.net,0
https://blog.amazon.net/login,0
http://132.5.67.191/login,1
https://blog.apple.com/xvn,0
https://api.amazon.io/eo9ft3vq8jd/lqbff,0
http://bit.ly/ortcee,1
http://172.249.92.157/login,1
https://www.instagram.dev/tm5d1ftcqa/fc3kqu,0
https://netflix.co/login,0
https://www.instagram.in,0
https://secure-apple-login.tk/fkjb960p/vgh24fnup9b4,1
https://api.twitter.org,0
https://netflix.org/06wn4b,0
https://instagram.org/757i59k,0
https://blog.facebook.co/mxcl0lbp38vb/hlkvzv4zi89b/ydejxw2yeu,0
http://paypa9-secure-login.ml/nyccpjj0h4,1
https://blog.facebook.ai/rwvu21y/n3ocwogc8,0
http://ftpdfyrp.site/c3c68f8%2F63480cbcd%2F5fc971e%2Fdeb5fb1f,1
http://amazon.com.verify-secure.tk/cdv1ezbf,1
https://app.apple.com/nxambac9ay0l,0
https://blog.instagram.in/phsn9c6l582w/46u7a9xbeb9g/c9u8o,0
https://secure-netflix-login.site/zlqv9/mwey2z2k944/ntau4b13n0fh,1
https://www.netflix.dev/90q1px2/15vb0zhgqfo,0
https://api.paypal.ai/8qc7/j11yi6i77q/33k06pd,0
https://blog.netflix.io/f7f4/bfgfg0ey,0
https://twitter.net,0
https://instagram.io/login,0
http://bit.ly/58o5kj,1
https://www.facebook.com/3z7gpt3s8bfq,0
https://app.netflix.net/71ukvnfzbjq,0
https://www.twitter.dev/1uxlf5h/qmh8/p8f58ct1,0
https://www.facebook.ai/c5dt5vp7y8,0
https://app.amazon.io,0
http://pmdksvt.ga/3db681c5a%2Fec94a8%2F2101a01918%2F404d3a7214%2Ff4003a4bb,1
http://viclpwpklj.info/1fa6%2F5a8846e92f%2Fa695%2F8e34ee825c%2F92dbe9,1
http://micro7oft-secure-login.ga/i8gfrc/d20/neillpev,1
https://blog.amazon.dev/xas0bduw9/llm30rtjbcrr/vro,0
https://facebook.org,0
http://microsoft.com.verify-login.biz/,1
http://microsoft.com.verify-secure.top/q04/3xry9lta/c0p0mnumjlv,1
https://api.google.com/81qwzzyyv42f,0
http://bit.ly/lz04rh,1
https://secure-google-login.site/,1
https://blog.paypal.dev/hz1381bayi7/s9xbx/9dflj5ut,0
http://bit.ly/47nm65,1
http://opiqvzwfoig.dev/9dc1c9d%2Fc90dbee3d6%2F7297%2F1f1028f%2F7b828%2F1c72e5,1
https://www.facebook.in/yvw,0
http://69.161.19.73/login,1
http://161.197.234.135/login,1
https://api.paypal.co/uqxwk4i5v52/pcqwab2z,0
http://ydohbsrl.top/5ea1847902%2Fd92d7a1c%2F77567%2Fec51c23016%2Fa4b71ac53%2F6fee,1
http://twitter.com.verify-login.info/uszrwj9/ar28/1uidxp0emh,1
http://48.187.186.143/login,1
http://161.174.7.51/login,1
https://secure-facebook-login.xyz/hqvzq/cbky6,1
http://netflix.com.verify-login.ru/w8rt1mr7r/txnjgn,1
http://bit.ly/pec2p8,1
https://api.amazon.io,0
http://xrrhqzjkkjjf.net/f5abb6%2F94a419e1c%2F1136,1
http://bit.ly/df2wf4,1
http://bit.ly/a6dm9j,1
https://blog.microsoft.com/kskskl7g5x,0
http://amazo7-secure-login.site/rfd6hk/oixvki/daar7,1
https://instagram.io/hgs/sddf1,0
http://bit.ly/m0u6rf,1
https://microsoft.ai,0
https://api.paypal.ai/rgvvr63jj/yt8u16,0
https://www.apple.org/3wvuhg/zarz,0
http://xthialh.dev/1f753f51d8%2F8735879%2Faa018ea60,1
http://amazon.com.verify-secure.biz/d59,1
https://app.paypal.com,0
https://app.google.org/qjcaqlr/kewrvm71xvd/0zk,0
http://7aypal-secure-login.ru/x1beufywb9jl,1
https://secure-paypal-login.ml/gln9hd/mgbc7c9elo6f,1
https://api.paypal.org/yorwmhz/l71ahj,0
http://netflix-secure-login.biz/4juwf3kw/xqa0itejr2c/6lf4w3n3v,1
http://microsoft.com.verify-account.info/yy0lh44x,1
https://secure-apple-login.tk/,1
http://facebook.com.verify-secure.xyz/9m971z/wclg,1
http://bit.ly/btm66e,1
https://amazon.co/br64t144/ilcqitwd8r2,0
http://vupabqbrsbe.info/b26e7587%2F3ff1%2F18cf25b,1
https://app.facebook.org/xpi7suzh/aoe2w3uhhgd/7nkle35mv,0
http://facebook.com.verify-login.ml/3mm0bu/bcj6k117ha/nuj9gpb,1
https://api.facebook.dev,0
https://secure-instagram-login.info/lh43xn/34y,1
https://secure-facebook-login.ru/ggem,1
http://137.203.208.238/login,1
https://app.google.org/zebz/5uo00mexsvs0,0
http://yqhtwj.io/2b051ce5d%2F01d932e%2F5a1889bd4%2Fede1b9%2Fb2d30144e%2Fb88bdf,1
https://api.google.co/0q50uvp9uz,0
http://amazon.com.verify-login.xyz/ziqs59y7/4ju3sbiz/6pfg,1
https://netflix.ai/sqj98fk,0
https://api.amazon.dev/d24,0
http://xbdqiie.net/75ac6a6df%2F937b39%2F4ba6a97ff1%2Fd7bdb%2F9bad7a%2F58ca8,1
https://secure-facebook-login.cf/iod8,1
https://www.twitter.org/sj1k82c6meq9,0
http://yiccbyvatyba.xyz/1aec57a9%2F64bbdeeb7%2F565a8fe,1
https://apple.com/t16/euk1/u8xlxlw6ddv,0
https://api.paypal.com,0
https://secure-apple-login.xyz/ijd0q1w/7oo,1
https://app.microsoft.in/w9kemt6vjy4/cu6,0
https://api.twitter.ai/hgm7l4oe/skc0zwc3t,0
http://amazon.com.verify-login.ru/ttg0l1wygiz/jio,1
https://www.netflix.io/fef2x/7zwbsevsw19/yyc,0
http://microsoft.com.verify-login.top/74azh7hzg6/dbuv4b/te31jt6mqm,1
https://www.microsoft.ai/login,0
https://app.facebook.dev/login,0
https://secure-paypal-login.xyz/c10nrj9bc,1
http://fnhtpmuqw.tk/6537b249b0%2Fde13df8%2Fbeed202652%2F586e45b,1
https://app.netflix.org/c4ldx3l66a/udzyauoat,0
https://app.google.co/qo44qi1vqm/ow5ea,0
http://mlgqwzcyim.ai/1dae9%2F5e708389,1
http://bit.ly/5h99nf,1
https://app.google.com/zdi7v2yf8a/43s0o1v45bsu/1oedq1uw,0
http://193.54.170.18/login,1
http://zspmry.cf/03e24c1ea6%2F9580db81%2F147e24b0,1
https://apple.dev/0zfn/vc8sg2bmw85/jgg4bsx4w,0
https://secure-apple-login.top/9gswo8/7mofbn/a5sjpk9b8,1
http://bit.ly/s0xgxl,1
http://netflix.com.verify-account.info/nx5x/u5zoj65j8/ykb8hm0zvup,1
https://secure-instagram-login.ga/,1
https://www.paypal.dev/7ec6hk8/co9bktr5z0,0
http://apple.com.verify-secure.cf/jn4teyi93e/3uc/sp5k3i689,1
http://bit.ly/mlmmcl,1
https://www.microsoft.org/kzslrxve7bd,0
http://paypal.com.verify-login.cf/kml/rt1n/5mpcthue,1
https://secure-google-login.ml/pgp4o,1
https://blog.paypal.com,0
https://app.paypal.in/lkux2w908e/b0vhwo/8lameoh,0
https://www.amazon.io,0
https://secure-facebook-login.ml/dzm1v53l,1
https://app.instagram.in/n2kq4/vcf65e5/xsytgi330q,0
https://twitter.org,0
https://app.amazon.io/aby/iiyl148k/m54r3nnc4pn,0
http://igozgiwmgai.com/5c336a9%2Fe7990e5709%2F96b256704e%2F546d%2F83fa73%2F6862bbb3,1
http://bit.ly/zoa3o2,1
https://blog.google.dev/5efo487xnk/kcpelk/toc,0
http://bit.ly/knay49,1
https://netflix.co,0
http://6witt6r-secure-login.top/o9sui92tsag1,1
http://bit.ly/fk8zkp,1
https://paypal.dev/cnokq9/3n86bzfzkz/e7v95xxp7,0
https://app.netflix.ai/drwgm0/ixokm7,0
http://amazon.com.verify-account.tk/rax/9g1o9sb,1
http://bit.ly/p20pm1,1
https://apple.io/2czw1xh/5ppy9rcr91c/n3d27gfotju,0
http://mmcvbzmpqad.top/c29ffbe4f0%2F9c7a316%2Fb5694c,1
http://bit.ly/ni4snb,1
https://secure-apple-login.site/,1
https://secure-paypal-login.top/5u12hkqutyp,1
https://blog.amazon.in/gj1/psjuyx/pj6,0
https://blog.microsoft.io/f4mnn19l/9dsy5/1192z20p,0
https://microsoft.in/ujtgnujfdls/fhuha,0
https://twitter.co,0
https://twitter.com/ojm,0
http://xeqzyf.co/16e327e456%2Fdca5dfb,1
http://xvyqdxhg.cf/485d9%2Fba4d8c0%2F1fcd951a5%2F988fbc2,1
https://api.facebook.co/login,0
https://blog.paypal.org/vqza48y7,0
http://bit.ly/w3jshi,1
https://app.microsoft.dev,0
http://amazon-secure-login.xyz/,1
http://pqqtwmzareab.in/0ae21a000%2F75f145287%2F7ff2%2F51e7e4afe%2F54cc%2F412f1,1
https://secure-twitter-login.ru/,1
http://82.67.123.146/login,1
https://app.google.dev/xwoy/up5frfa,0
https://secure-paypal-login.ru/,1
https://apple.org/98qjweardj/ungj/k16tk6tb457,0
https://secure-facebook-login.cf/,1
https://blog.microsoft.io,0
https://app.twitter.ai,0
https://blog.amazon.co/mcbgqo1p6an9/c2491ek,0
http://jzwhud.co/98fcb6b%2F13a12%2Fad761836a,1
https://facebook.ai/login,0
http://uonvuyseiws.ml/5ab0%2F72d29ebd7b,1
https://blog.apple.com/meuhjd/ymeu2o,0
http://uftoxfsarq.net/838254a%2F11da%2Fd953847d50%2F92e1449,1
https://blog.google.ai/wr73wb6qrd/n1fhpqm,0
https://secure-facebook-login.tk/,1
http://191.2.10.174/login,1
https://blog.microsoft.org/pj1eo1jki6,0
http://netflix.com.verify-login.site/,1
https://blog.netflix.ai/wgcj423lg4/wkqlud59srn,0
http://bit.ly/3lqfcr,1
https://www.netflix.net/d8xhblp/20spcbw,0
http://microsoft.com.verify-login.tk/s18a3/rewt6c4e/jmo,1
https://www.facebook.net/181n4b2s0/apxx0wi1,0
https://amazon.org/806,0
https://paypal.net/suc/6pnrgh6/7xrjl6k5b,0
http://189.183.130.162/login,1
http://23.141.165.27/login,1
https://paypal.ai/hpk9auusju,0
http://pay7al-secure-login.biz/,1
http://instagram.com.verify-secure.info/,1
https://www.netflix.io/0jzt,0
https://app.netflix.net,0
https://app.instagram.ai/l6u38t8d/15as0,0
https://www.apple.co/xxj,0
http://paypal.com.verify-secure.ml/,1
https://paypal.io/swdzjm/ypvs2/flr7,0
https://secure-apple-login.cf/,1
https://blog.twitter.co/bjcv9/56f9javyy5vy,0
https://www.twitter.in/1wf/2zd,0
https://www.google.dev,0
https://twitter.net/cm6uem0cwb/e61,0
https://microsoft.in/nojz6b1c/dvuly7,0
https://api.twitter.in/login,0
http://apple.com.verify-login.ru/ubfoz4ir0rg5,1
http://bit.ly/yqhfgl,1
http://google.com.verify-account.cf/,1
https://app.instagram.ai/mpfmc,0
https://app.amazon.dev/rhs9b5,0
https://blog.twitter.co/aj0w0/9hpcb7zg9w53,0
https://secure-amazon-login.ru/b5ex72715/m2dfj/1kobq,1
https://api.google.dev,0
https://app.twitter.com/0v2wls,0
https://blog.netflix.net/va95rkpgd1,0
https://microsoft.dev/p4pzydjh23y/kjzwy,0
https://secure-microsoft-login.tk/,1
http://mwcmsrdtjvu.io/65bba62628%2F73edc5%2Fe8363a6e%2F35f96c2c2%2F2f19%2F08f57,1
http://m2ciosift-secure-login.tk/l73tfvvpcpby/v17lg0oudw0/5feh22sh30,1
https://app.facebook.io/5ow/ih57vf6xwcll,0
http://uofowcbhuxwu.biz/95a7d71e6%2Fae2a21a,1
https://api.netflix.io/p9lnow9g14f/9pb,0
https://blog.amazon.ai/ke5mr/vyn16q,0
https://paypal.org/0nozeec/jdo1ipj,0
https://blog.google.com/login,0
http://google-secure-login.ru/li0izl2jxuwk,1
https://app.instagram.io/n6j6f8f/fgmda1b75ob,0
http://microsoft.com.verify-secure.ga/foa7kus3y/foofpno/ppg,1
https://blog.netflix.ai/2y1plcdqx,0
http://9mazon-secure-login.site/,1
http://twitter.com.verify-login.info/dgqk7of/3w02p45y,1
https://microsoft.net,0
https://instagram.dev/id38,0
http://bit.ly/zc72cf,1
https://api.netflix.org/44vcbn,0
https://amazon.dev/dhemg6ypltw/csr98,0
http://twitter.com.verify-secure.cf/ok57ep,1
http://facebook-secure-login.ru/68dbintna7ag/if03ddpbo/xhznyiptd,1
http://bit.ly/xoez9a,1
https://api.facebook.org/550mamqbxuf/kbytzx/ekrlu334141,0
https://secure-paypal-login.xyz/,1
http://194.249.57.58/login,1
http://microsoft.com.verify-account.ml/44n,1
https://www.instagram.net/login,0
https://secure-instagram-login.biz/mjsljcpiv9/nvk58j,1
http://bofwujws.ml/d3b2782%2F0fc2dcc9a%2F62455692c%2F9502141b92%2F337abc87%2F09c3a6e4,1
https://secure-instagram-login.cf/y6bq5cfjs,1
http://110.254.155.105/login,1
https://apple.org/login,0
http://rhcaaor.co/8b68%2F94668%2F6e9bc91c1,1
https://www.google.ai/0ht3kzb,0
http://bit.ly/h6n49b,1
https://blog.google.io/5sz38ad/f0ct7quap,0
http://158.189.24.133/login,1
https://www.facebook.com/omsp1ajdvwr/fxqkmfghhu7/z9p5,0
http://bxrvqc.ga/150ec%2F3748%2Fa4f70%2F13e2%2Fdbe17e5d%2F0bf4a,1
http://bit.ly/1ad6m6,1
http://120.198.67.148/login,1
https://secure-amazon-login.ga/,1
https://api.amazon.in/gc0kk5xd5,0
http://netflix.com.verify-login.cf/s9rfenfv4s2,1
http://instagram.com.verify-account.xyz/3qx7505w,1
http://80.34.114.124/login,1
http://bit.ly/jim50u,1
https://secure-microsoft-login.ga/7xqu/lzk/ou9bdsgc1,1
http://apple.com.verify-secure.info/7uidm/f9p8wgub/7ludb,1
http://bit.ly/8wjckz,1
https://www.twitter.org/9yn0g2gie6/o8a4vjia/8cvvxovky,0
https://www.apple.io/8oeu5b/jt0scjd04fnr,0
https://app.twitter.com/login,0
http://130.38.79.123/login,1
http://102.164.182.37/login,1
http://t4it4er-secure-login.ga/u9d/y8jz6p/joj,1
https://secure-paypal-login.tk/z1jgrt2,1
http://google.com.verify-secure.biz/wem9j41,1
http://25.91.167.204/login,1
https://app.twitter.net/ojwt81es4,0
http://apple.com.verify-secure.tk/e36dhg,1
http://google.com.verify-login.cf/4ty/qy7wga2mm8,1
https://secure-microsoft-login.ga/rkucb2o/7o65n6auq,1
http://instagram-secure-login.cf/8i0z7lvtizov/6kyihz83/d5kheq6,1
https://secure-facebook-login.xyz/pnb2ha92qif/0hjb/nyz3ocvq,1
http://paypal.com.verify-login.ga/jyw15tp71,1
https://api.apple.co,0
https://api.instagram.co/oagl,0
https://www.paypal.io/login,0
http://faceboo8-secure-login.info/jyb5d,1
http://124.93.48.162/login,1
https://www.paypal.net/o9eu9w6h/yp3,0
https://www.google.co/fyvm7e8hh1z/l8d7fau,0
http://micr2soft-secure-login.ru/yndyo6,1
https://blog.paypal.co/seeyonitu,0
https://app.facebook.org/login,0
http://bit.ly/kqn6jx,1
https://microsoft.ai/ieibj6ll/49kouf4c/ofxppg3t925,0
https://www.facebook.org/cue6vm7/bqg3l5/lr4npmjtv0p,0
https://blog.facebook.com/jzsgqjr3ne/fut5r6otg5/nn4kxfs74fs,0
https://blog.microsoft.ai/m56d6,0
http://ctdquq.co/07f596%2F2d9c98ed%2Fe69db44b%2F9152%2F15130dc653,1
https://api.instagram.co/tw4ik/8w4u/6m4l90,0
https://secure-facebook-login.tk/ds0ohar3v,1
https://api.instagram.net/4lmn/wxlmtspa,0
https://secure-google-login.ru/,1
http://vbplbid.top/fcad%2Feae0967d%2F17f16ef3c%2Fb071eb0%2F8dbfc79,1
https://www.netflix.in/login,0
https://apple.net/plxv,0
https://blog.netflix.dev/s2v/r8ndkp2nw5n,0
http://twitter.com.verify-login.top/,1
http://bit.ly/kk2kyr,1
https://app.facebook.com/2ug2y274d28/8skogc/lnbsmff35t,0
https://www.instagram.dev/login,0
http://paypal-secure-login.cf/,1
https://api.paypal.co/5u44f02w4,0
https://www.facebook.net,0
https://blog.netflix.com/rljdqsixl,0
https://blog.google.ai/vjf2b4q3w9e,0
http://twitter.com.verify-secure.biz/3k6vn49,1
http://66.56.94.44/login,1
https://www.google.net/icbsng9jems/p8hej0c32/9g1r0du8,0
http://appl5-secure-login.site/xohw2dcgn4kj/kt32h923/n1kbxv,1
http://netflix.com.verify-secure.info/yuq5h5,1
http://bit.ly/1gi1n5,1
http://apple.com.verify-secure.cf/ck174uhc2/8hdthn2xe7f,1
https://www.twitter.ai/ku7y/9hoeghdkm1,0
https://facebook.in/orzjchmc72kc/88bp2bgzp/4p9v88w,0
https://app.google.ai/cvz6gey/efnt20dvl4a9,0
https://secure-apple-login.xyz/ca4/hk1z6,1
http://iacebook-secure-login.info/yzzk/e3zq566yp/uyiw,1
http://instagram-secure-login.cf/cvpslj,1
https://twitter.org/ghfpuqm1/oyhrmdgob,0
https://www.netflix.dev/mt2pkss2/vz5,0
https://api.netflix.ai/login,0
https://secure-paypal-login.ru/iqklgp/2pfits6/eusg6owf,1
https://www.google.in/wczg2kcv/3q9yydf6/6hw23jq2m70r,0
http://66.18.129.43/login,1
https://www.netflix.net/i4h0w49s3hqj,0
https://www.microsoft.ai,0
https://secure-apple-login.ml/3z5ii0kpco,1
http://91.195.213.14/login,1
https://app.google.net/hn4gsjxoius7/4q2/rjr8r,0
https://app.twitter.in/degjmdcp/qipf,0
https://app.apple.in/40pt/67gh,0
http://152.193.61.178/login,1
https://www.amazon.ai/mrdtlb9,0
http://ufnaujx.ml/96bd4d98%2F73e64701c5%2Ffa8f2c661%2F3830%2F57f6232bcd,1
http://amazon.com.verify-account.tk/9dn/qfzadzh/gmblnqm0,1
https://facebook.dev,0
http://161.147.173.198/login,1
https://api.facebook.org,0
http://57.217.8.150/login,1
http://instagra9-secure-login.info/0x4dx9k,1
http://bit.ly/eq4fio,1
http://google-secure-login.ga/wowwte/9mai3iglp,1
http://52.204.244.115/login,1
https://blog.paypal.com/zydac6z3/6e9pby6pz,0
https://blog.microsoft.org/4ry/y650/0xj99,0
http://bit.ly/wz0qt8,1
https://www.microsoft.dev/dwq0e1gosdm/nitu/cbdiutle6geq,0
https://apple.org/s27mcu777/5y74/lcilsm0l0m2,0
https://app.instagram.net/login,0
https://app.amazon.org/7ym,0
http://google.com.verify-account.cf/,1
https://blog.facebook.co/rxxb4o/bjacfo2co,0
https://blog.amazon.co/login,0
https://apple.dev/fm7u8ge/n04j,0
https://paypal.co,0
https://www.netflix.net/login,0
https://www.google.net/5fyi/kpel7ucl5y1c/v8y,0
https://secure-paypal-login.cf/6g1/zlq954pxv,1
http://qrmqtk.org/83a8a9%2F21ac%2Ffa89f6%2Fdfa712000e,1
http://95.133.254.251/login,1
http://fpqtsezgot.ai/f2082db43%2F0438ba6%2F18e33f5c7c%2Ff690,1
http://microsoft.com.verify-secure.ga/6dn57l2ii615,1
http://google.com.verify-login.xyz/ua27jsq,1
https://api.facebook.co,0
https://blog.facebook.net/tcyum8/ipiz0csv4md8/x8am189,0
http://bit.ly/ir528i,1
http://42.102.27.9/login,1
https://blog.instagram.dev/z7i5/4h4d,0
http://microsoft.com.verify-login.cf/12gqax4/b4dt8/ze3v3vlm,1
http://amazon.com.verify-secure.xyz/,1
https://secure-apple-login.ga/yr5,1
https://secure-microsoft-login.tk/8girolmja96w/qo56v/mwcxzev6wcyb,1
https://api.paypal.com,0
https://secure-instagram-login.biz/q8ctzzlcgvl/fixin/h9dtc,1
http://hwxzjyemfpoo.ml/a92d3%2F7eaf5%2F8673309%2Fd3dce%2F5eee9357,1
http://bit.ly/l85u2e,1
https://api.netflix.com/b8n,0
https://app.instagram.in/jc2,0
http://elnnnuwyqviu.ru/c206%2F7df763f%2Fd06685%2Fb31f0db2,1
http://bit.ly/6iqtmm,1
http://qhjkgzegxw.site/89148f6b3%2Fc025352,1
http://amazon.com.verify-secure.xyz/,1
http://facebook.com.verify-secure.top/1sn1ej068bwi/eb3be1j4/57c6grte,1
http://ijxklmfvi.top/2578683%2Ff119f7a%2F7ef619%2F1907f3ff%2Fbfe6e19%2Fe2294,1
http://instagr9m-secure-login.ml/,1
http://apple.com.verify-login.info/cw3qg0h27xz,1
https://apple.com/vm173sb0qdtd/zr9lmm/ws1xdz8,0
http://netflix.com.verify-secure.xyz/,1
http://cuouok.ml/d8285e%2F1a02416%2F19b0b9a,1
http://aypqzw.site/b6b60aa%2F5744adf97%2Ff79786676%2Fbcb13b6789%2F82821,1
https://blog.google.ai/3j082o6irm/v5eka,0
http://amazon-secure-login.biz/0wrc25yl,1
https://netflix.in,0
https://netflix.dev/sbw99w2uwa,0
https://blog.twitter.dev/6fmvhboq4,0
http://instagram.com.verify-account.tk/rero99m5vm7r/tymopsla8l0m,1
https://www.netflix.co/8x63wd92wsnp,0
https://api.paypal.net/vgj/hd3jul/83dh18w,0
https://secure-microsoft-login.ml/um6/vblj,1
http://zbfukazkdc.cf/204360cf%2F4669d%2F831f36e%2F7ae3ce6bd4%2F30e2c3c,1
https://secure-apple-login.xyz/2l9o7q59k,1
https://api.facebook.ai/login,0
http://147.237.240.39/login,1
https://blog.paypal.com/68y6tbaz,0
http://14.149.26.188/login,1
https://www.microsoft.io/8le6l2c2,0
http://bit.ly/ghbchc,1
https://app.amazon.co/ef9/srnxcd1/jhddv9b,0
https://paypal.com/7t4tlww/j3dv,0
https://secure-amazon-login.biz/,1
http://facebook.com.verify-account.info/0o1m88qipo1,1
https://www.amazon.org/clxha/pobm0nku,0
http://netflix.com.verify-account.site/,1
https://secure-paypal-login.top/fa59yhc,1
https://www.twitter.co/d4qxwq6ogds4/ds86yran37lm,0
http://8aceboo2-secure-login.tk/73813ybblc58/1dxpurj24/4sf975xwwq,1
https://blog.google.in/rfedcjwvz,0
https://netflix.co/ljspf6e0jt0b,0
https://api.instagram.ai/po99so62c/hj79b8qprl/iso64xm09p9,0
http://42.205.65.103/login,1
http://google.com.verify-login.ru/bngzpht,1
http://twitier-secure-login.top/jxbk0mvd8,1
http://96.48.63.69/login,1
http://bit.ly/5ljljk,1
https://api.netflix.io/onjzfr2k0ad,0
https://secure-facebook-login.top/,1
http://lftgohnpwkc.biz/33e0eae%2Fbdfb9be076%2F4559d%2F603b02d%2F23e80070%2F41daed4,1
http://198.234.9.72/login,1
http://ijjrtailwa.org/f90b%2F410675867a%2Fd37f3be9%2Fc617856c71,1
http://bit.ly/4mjcq3,1
https://secure-apple-login.ga/ukw7,1
https://api.facebook.ai/tv9iis8/jqf1tctowm1/gfj2f46m3j,0
http://apple.com.verify-account.ru/,1
https://secure-microsoft-login.ga/,1
https://app.paypal.ai,0
http://bit.ly/8twoe1,1
http://106.2.45.159/login,1
https://www.amazon.dev/lr3w/2zn4,0
http://128.95.57.143/login,1
https://blog.twitter.io/bnhr/177w99,0
https://amazon.io/d0ndxskdth4t/rcoksj/ncqf,0
http://bit.ly/i2nliu,1
https://www.google.com,0
https://secure-apple-login.tk/,1
https://app.microsoft.com/login,0
https://api.netflix.io/q43eb/ld0elzf/7mcdl4mp8t8c,0
https://app.apple.co/jmpkgmul,0
https://google.io/7d1/nnzi0qok2m,0
https://www.amazon.dev/tm27dzx9/au4dv18,0
https://api.netflix.io/a86v0lfv2/5e6bmrby9,0
http://amazon.com.verify-account.ml/n3g1fy0payf/87ejzv1mq9k/9y3js8d1z8sx,1
http://m0c8osof4-secure-login.tk/orsjl/xkkhw9z,1
http://bjgpjtwejpk.xyz/46c1f3f7a%2Fdf02db%2Fddc34f2%2Ff7cf5%2F63f28006,1
https://netflix.ai/wxu9j7pmpjks/zn8m,0
https://paypal.io/sz83x8,0
https://app.twitter.dev/qyh0qfeejrcg,0
http://akmrmsduo.info/b65f814c3%2F6c6f80571%2F7973c032%2F2e86af3ad%2F31928ea%2F1fb2d5a,1
http://amazon-secure-login.cf/1lp29enkgs/rzttwf/5z9yq0,1
https://www.facebook.net/lqwm/2geodbs5,0
http://a2pll-secure-login.info/le2vx2,1
http://paypal.com.verify-account.ml/mrlqfv7jj9t,1
http://apple.com.verify-secure.xyz/cq675a2qk6,1
https://www.google.dev/u7a,0
https://blog.google.net,0
http://f8cebook-secure-login.info/ydb43/m6e9dt2,1
https://secure-paypal-login.ga/ola0l,1
http://bit.ly/k4zexp,1
http://174.174.181.230/login,1
http://bit.ly/jnxbfs,1
http://g1og89-secure-login.tk/,1
http://bit.ly/32obcc,1
http://bit.ly/vcqxhg,1
https://www.netflix.co/79eb,0
https://api.apple.dev/nble/f87d/ghbbip,0
http://twiiter-secure-login.ml/,1
http://bit.ly/q63onr,1
https://www.instagram.org/ua647gt,0
https://app.paypal.ai/vqxiv/lhqion/kxoagkd0,0
http://bit.ly/nw2hl5,1
http://bit.ly/3413gj,1
https://secure-paypal-login.ga/,1
http://ezdyzsfljh.cf/32a69%2F54415622c2%2F9fce%2F3ca748c9d3,1
http://183.190.157.228/login,1
https://www.instagram.dev/vz0x13g0d30,0
http://bit.ly/amtiv0,1
https://api.facebook.com/8e6scw/1fhubqsh/t0g4hxlgdt0,0
https://blog.twitter.net/t3vgl8d/uv9,0
http://twitter.com.verify-account.info/6eeir,1
https://secure-apple-login.info/m1x2rlvop17/a7v8ohej2ui,1
https://www.netflix.net/739rug/ad19x,0
https://blog.twitter.co/1jf0k0vkc80y,0
https://blog.paypal.ai,0
https://app.apple.com/11rlpr8bb0/jtvs853oo,0
https://app.twitter.net/n0i36/n1f3aj/7rh50h,0
http://bit.ly/tkgwww,1
https://app.instagram.io/bjib827l5ta7,0
http://amazon.com.verify-secure.biz/kske5/m2zc/0wym,1
http://apple.com.verify-account.ru/,1
https://blog.amazon.dev/4efuepum/zp8npmi/1l4hwstxic2g,0
https://app.twitter.co/fqonw582/l2ubkas/8l2bu7u1r0b6,0
http://bit.ly/b2cj72,1
https://microsoft.net,0
http://bit.ly/skh5dl,1
http://112.230.154.149/login,1
http://146.98.154.171/login,1
https://www.google.ai/wasl0hwij/g3kw2we43s,0
http://lwsczc.cf/6de15f%2F821b16ffdd,1
http://netflix.com.verify-account.ml/,1
https://blog.paypal.net/ys3/ahnxj,0
https://secure-twitter-login.info/vi3ud2c/ghct33eq/mkjav7t,1
https://www.facebook.ai,0
https://blog.facebook.dev/o14i9up2h9s,0
http://bit.ly/vad7o6,1
https://secure-paypal-login.tk/hm70dkpw9x/kaqn5hyjs/d6d1bjdmrut4,1
https://api.microsoft.dev/1iocun/airl9lul5/h5p8,0
https://www.netflix.io,0
http://netflix.com.verify-login.ml/,1
http://41.240.12.60/login,1
https://blog.google.io/rb2u744um/cco9h/sk0z9vufd,0
https://api.twitter.net/8v3i/dok8/22u,0
http://hnjxxhyrnbbp.xyz/a0ce3934%2F380d0ebc4%2Fc8116b%2F10652429a%2Fce6d,1
https://microsoft.ai/ei60y625/2jg1ph3xab75,0
https://api.apple.com/yt98qrheu9/8s4xi2rt/24s09qq7,0
http://amazon-secure-login.info/bn5,1
http://bit.ly/0ac5q0,1
https://netflix.ai/sdchn6u2ho7/ffrkc/ibnvg7vn,0
http://netflix.com.verify-account.cf/,1
https://app.amazon.io/tsz0cr5zayet/jp0trl,0
https://blog.amazon.net/9xitphhj/1ugevt7xu6l/8karz5,0
https://app.twitter.in/s3wr8w2yp7s/2qdbzgho9ur/trxc3gry,0
http://amazon.com.verify-login.xyz/1es/jod,1
http://74.107.19.209/login,1
https://app.netflix.dev,0
http://wyrwwmjawpzn.info/3f2d0ba267%2Fd2de%2F808307%2Ff50d733%2F78888748f%2F89717d3,1
https://app.amazon.com,0
https://api.paypal.org/adyh/miux/50ww0p1ri6,0
https://blog.google.dev/5uo/zzto1qifr/m05n,0
https://www.google.net/m0bk7asd,0
http://bit.ly/70gf94,1
http://126.43.133.75/login,1
https://api.google.io,0
http://google.com.verify-login.ml/,1
https://blog.paypal.com/pil6le/awuwmlgz/0va26h0ucl4l,0
https://api.amazon.io/3ruhqj1,0
http://lw3tter-secure-login.info/lz4/jl4z0f2xx2wk,1
http://bit.ly/ntlqwo,1
https://blog.twitter.in/login,0
https://secure-netflix-login.biz/mli8alugpd/om0g9p5dj,1
https://twitter.net/9c4oyb3t/i0j7xg65/9ig1blc4,0
https://app.paypal.com,0
https://secure-facebook-login.ga/ppvldrc9nn,1
http://8aypal-secure-login.info/11v1/6f0qpsx/jckoyui,1
http://google.com.verify-secure.info/,1
https://secure-google-login.cf/1zf2,1
http://bit.ly/satcv0,1
http://micros4ft-secure-login.ml/8qqf0qsx6nn5/t2u8i831,1
https://api.netflix.dev/zpseloiecnzv,0
https://secure-paypal-login.site/xk2k4sttsw3,1
http://27.73.4.134/login,1
https://secure-paypal-login.ga/0xcjvaocong,1
http://a6pll-secure-login.xyz/,1
http://facebook.com.verify-secure.site/8ffgbac2c/x0y/kmz,1
https://secure-amazon-login.tk/,1
https://www.facebook.co,0
https://blog.apple.org/nss/swa1g43r/96gwtjslh44k,0
https://www.apple.dev/cghv0s/k45ainnwwuq,0
http://amazon.com.verify-account.biz/ogqv/k2s3p5ecdow/7slvp3,1
https://api.google.com/e0i/wmlmuuufhb,0
http://169.73.207.27/login,1
http://google.com.verify-account.info/,1
http://netflix.com.verify-account.ml/w2gqhks2id/f7be0vz/5lvr8ji6r,1
http://zykscb.top/34c70c%2F2b82%2Faaa835e9e%2F8ffd70,1
https://paypal.org,0
http://facebook-secure-login.info/ufpdpiv9du/gvb/1v9xhf6g71ae,1
http://apple.com.verify-secure.biz/9t2yq/032nx3,1
http://bit.ly/zt00zt,1
https://api.twitter.in/asyv2p/7qno5/2r1kfe5,0
http://bit.ly/80c2mv,1
http://p3ypal-secure-login.cf/aoh7arholgr2/zt0h7gt1,1
https://instagram.dev/bw24mkx8y63/xu2wi93/08qz,0
http://bit.ly/5jqkjx,1
http://frzinrvgrp.ga/89955ec%2F1390aa%2F09c6e%2Ffe17226e7b%2Fc52650c88f%2Fe4e96,1
https://www.amazon.io/kb58ln/hvj13y7cr5/lsz,0
https://www.apple.dev/8uwwikypd/w49w4u94qlv9/oup48,0
https://www.microsoft.org,0
https://app.twitter.dev/8frlj8zo,0
https://blog.netflix.co,0
https://instagram.org/r5fglci,0
http://bit.ly/uklzx1,1
https://app.paypal.io/my2cdcf/4hgsy4,0
https://blog.apple.io/kywb,0
https://www.instagram.co/nm4wh7cfbq/vrbtl214zb,0
https://twitter.dev/7g4pbn1wb/jyjmnm/49wa0or30fq,0
http://twitter.com.verify-secure.ml/,1
http://93.11.81.202/login,1
http://168.23.65.53/login,1
http://facebook-secure-login.ml/xydwfduwx8/fc1bkxur,1
https://apple.co/2l5vr58u2,0
https://blog.instagram.in/w6u7wzzz,0
https://facebook.dev/43910l/egbzm3p/7md74znl35,0
https://app.google.net/zdcws/yw73nu/mxt68,0
http://bvlniazsjd.top/e6e2cf1c%2F8fce60%2F30cad81%2Fa548%2F755c5f3%2F1c80836f,1
http://apple.com.verify-login.top/gz2qyq,1
https://app.microsoft.net/3h9m/6k2fu8petb,0
http://amazon.com.verify-account.tk/,1
http://196.87.40.67/login,1
https://secure-paypal-login.ga/b61jji/mdl9f0dugp,1
https://paypal.dev,0
https://app.twitter.io/fqtb8/ifg3xajbmp/56gk7jjtyz,0
http://bit.ly/hhr4cr,1
http://amazln-secure-login.site/s8i,1
https://secure-microsoft-login.xyz/,1
https://www.facebook.in/0mwp2b50za/n4lymg/igp,0
https://secure-microsoft-login.tk/,1
http://63.61.68.152/login,1
https://app.paypal.co/sea1m,0
https://netflix.dev,0
https://www.google.com,0
https://blog.netflix.in,0
https://facebook.in/xvvzwj/av3w7ww5can/pwldfn,0
http://bit.ly/12h4k8,1
https://api.amazon.in,0
http://tehwfawtj.biz/ef40%2F46e4d3243%2Faa394d94%2Fcdca%2Fcda62871,1
http://bit.ly/9w9xn6,1
https://google.dev,0
https://twitter.ai/mbf382tja8/2nzlracq/xjw128m,0
https://paypal.ai/covm39gtfch/24h/zmpst2zjojr,0
https://twitter.co/login,0
https://blog.paypal.org/7jfmqpg6ey/ld7,0
http://amazon.com.verify-account.tk/,1
http://instagram.com.verify-account.info/hfxrj4,1
http://tw5tter-secure-login.info/,1
https://api.facebook.in/login,0
http://bit.ly/ppzj2t,1
https://blog.paypal.co/73cc/xwa2h/jpfri7q,0
https://amazon.com/m04iict,0
https://api.instagram.ai/888vc35lh65x/jmn6k/bdjtk,0
https://api.instagram.dev/filtch,0
http://edemwz.io/23ad%2F040afe%2Fe1dcb3d%2F4f0c%2Fad8a00%2F5802161,1
https://netflix.io/g6zn,0
http://apple-secure-login.ga/,1
http://bit.ly/wxbf1x,1
http://hrdgzvmqntkm.biz/9c8929b1%2F5307081%2Fda7c1387f2,1
http://130.122.23.217/login,1
https://blog.google.io,0
http://bit.ly/9bzktf,1
http://69.168.23.184/login,1
https://microsoft.co/o1ld6zm1/bma,0
http://ins7ag1im-secure-login.info/,1
https://paypal.dev/yn31ooq/5kerwv0wq/7rxvwqap,0
http://microsoft-secure-login.ru/pffhfs7l/a3bciwd1,1
http://139.101.1.1/login,1
https://blog.microsoft.co,0
https://secure-google-login.ga/2iaghra/0s4sfbc3st,1
http://bit.ly/ezd6sb,1
http://89.97.158.27/login,1
https://secure-amazon-login.xyz/cr3,1
https://www.amazon.com/kbt8w,0
http://bit.ly/dsjn6r,1
http://cjpyxwlcos.info/3a77d7b%2F05cc15%2Ff5dd5%2F87d7fda,1
https://www.apple.com/nlabsr/jxfrpbo6tr9u,0
http://bit.ly/iewuz4,1
https://app.microsoft.org/2lvgs/u9yec7t/5d0v,0
https://blog.microsoft.dev/45l6hb7f2mme,0
http://bit.ly/x5a51z,1
https://api.apple.ai/hlp9/62lh7tn5iec/n167m020o07,0
http://microsolt-secure-login.ml/0kf/d22m7xusr/wdz,1
https://api.paypal.co/hdpkvfsit/clqf0u/aajnwa2y,0
https://www.twitter.ai,0
http://zuencx.info/85f198b58e%2Fd739349%2F83036b57%2F9aa713a5d%2Fe11a3769,1
http://8maz5n-secure-login.biz/an5z,1
https://app.google.ai/f7dq0p,0
https://blog.facebook.co/hxl,0
https://secure-facebook-login.xyz/pe843032/o8veb0x,1
https://www.netflix.co/5c56x4aktu8p/sm4s0moqo9y4,0
http://amazon.com.verify-login.ga/0wzxifcbda/ost82/wgdz,1
https://blog.google.net/login,0
https://blog.facebook.co/4z0dxkx,0
http://ffogzbdxl.ru/9fd91b%2F553a%2Fc2ddc%2F2c511%2Fa969b31b44%2Fed4fe0c624,1
https://www.amazon.net/z0cxg3vj/h9nfa3u,0
http://google.com.verify-login.cf/,1
https://app.amazon.in,0
https://app.google.co/mhml/dgea1weams,0
http://23.225.158.46/login,1
https://www.microsoft.net/edj4043,0
http://apple.com.verify-secure.top/,1
https://apple.org,0
https://blog.amazon.in/kbt3,0
http://apple-secure-login.biz/uu6d2z45s6r9/nxl2mto2zcc,1
https://api.twitter.org/orx,0
http://faceboo0-secure-login.ga/55j92gp9/inkz27ek8520/65u7,1
https://netflix.com/0knt05z27,0
https://www.twitter.in/xtbp,0
https://blog.microsoft.in/t2uuds/n5wlrgm2ast7,0
http://rezzyrzil.com/7be63eb%2F7495bca%2Fcd20a6f,1
https://blog.twitter.dev/ixbp9d,0
https://secure-netflix-login.ga/8ltrof,1
http://149.58.177.31/login,1
http://166.19.12.223/login,1
http://28.39.167.27/login,1
http://bit.ly/ujy2ol,1
https://blog.instagram.net/90v01w2pca,0
http://bit.ly/xj5swd,1
http://bit.ly/rl76z3,1
https://www.microsoft.in,0
https://blog.amazon.com/g8dvez/hznnx9b,0
https://app.instagram.ai/ahmqi04rzb,0
https://secure-twitter-login.site/,1
https://microsoft.net/be7tpgcte/enik/msx,0
http://in9tagram-secure-login.ru/kjy10w38og/a9uq,1
https://www.microsoft.dev/zmsqmazayos5/k5g6hao3vv,0
http://bit.ly/4zp0li,1
https://netflix.co/m6wm0nx93,0
http://paypal.com.verify-secure.biz/dc1ftuwq,1
https://app.apple.org,0
http://pewexblg.net/0d6b90%2F981068b03%2F33d2%2F1ff4%2F1f1278%2Fdaba38db0f,1
https://app.paypal.org/w6az0o/mknx9x/792g,0
http://3ppli-secure-login.cf/,1
http://bit.ly/g5waru,1
https://blog.paypal.io/s1ber3m5fem/4sifvof8/hcc23g7hg,0
https://microsoft.io,0
https://api.microsoft.net/teeg5uid44jw,0
http://net6lix-secure-login.ml/dn0bd6/ezqgd9kij/g0ytzd30j7u,1
http://140.109.51.3/login,1
https://www.facebook.io/ystseh5/kcuewws/yk2zehtvzam,0
https://blog.google.org/4d9tzz1bpw3p/dh44ftd/meuryi5woi,0
https://api.apple.net/nwhj7721e6/8pb72t4/rwe1zzx8,0
https://app.microsoft.in/10j4uajgkq3/9ial6bvwh8k/8afb,0
https://app.netflix.com/ls6s,0
https://api.instagram.in,0
https://api.netflix.net/7rfmkjdkr/gwznsgrgqiic/6kor4v5,0
https://blog.paypal.ai/vx4oxb0d,0
https://facebook.com/toit879/6wvjqfyv7iz/gqe3,0
http://bit.ly/5wzr55,1
https://secure-netflix-login.biz/qdbl5/nhos/fo5teqryfb70,1
https://blog.facebook.com,0
http://bit.ly/22x6el,1
https://www.twitter.in/g0m/1t2d0/qpo4iwd0kd,0
https://apple.ai/dfcfsop5uh8a/ydum,0
https://app.twitter.in,0
https://microsoft.com/fwim0h8zp7/bgnsp2/96oej0x0men,0
https://blog.netflix.io/dr2faepui,0
https://www.amazon.org/yo307tdns/0gx4,0
https://api.apple.in,0
http://bit.ly/h0vbj5,1
http://bit.ly/t52obl,1
http://bit.ly/j0o4hn,1
http://197.247.150.48/login,1
http://lvupriiih.in/a0905d6%2Fa9e47c%2F7620%2F780e%2Fbe23591c%2F8687,1
http://174.203.20.57/login,1
http://apple-secure-login.info/3u4kwza/c10g,1
http://bit.ly/o9ujmr,1
http://netflix.com.verify-login.ru/c6vfdu8es6/712/ze1j7wozz1g4,1
https://blog.microsoft.dev/heu2zjn48xw/m7l91hmg2/kt8wbdagop,0
https://www.microsoft.ai/login,0
http://45.143.144.131/login,1
http://92.39.156.240/login,1
http://jkevdipk.org/c870e6e4%2F85ce617%2F3c4e20%2F32dd%2F069cd5a096,1
https://blog.facebook.ai,0
https://instagram.in/25opxfp/03pxqismc,0
http://amazon.com.verify-account.tk/fvyyybq97/z9csissi7wr,1
https://blog.microsoft.org/9wgwj97id1o/je1j/96pw9gb,0
https://app.instagram.io/a89,0
https://blog.apple.net/4lki4/mog,0
http://instagram.com.verify-login.tk/n3ac7mgtk,1
http://ygtvyz.ga/55853e4949%2Fc7138c1927,1
http://twitter.com.verify-login.biz/26f48dvcy/in6p,1
http://bit.ly/yocqzm,1
http://google-secure-login.tk/43hnfetvw,1
https://app.facebook.net/puus0x3kmm91,0
https://api.paypal.org,0
http://bit.ly/4u97hw,1
http://microsoft.com.verify-secure.ml/,1
http://127.213.205.105/login,1
https://facebook.io/login,0
http://37.188.249.160/login,1
https://secure-amazon-login.top/,1
https://api.microsoft.in/c43a1t6y/56n9e4ar,0
https://blog.amazon.net/fm49dmaw,0
https://blog.facebook.io/csg4quphoy,0
https://instagram.net/login,0
https://blog.microsoft.net/e915t59y9/fjya,0
http://gnnffgqt.cf/9f90ae0d1c%2F92a0f6a%2Fbf184fb08%2F89255e212e%2F4935668%2F461b,1
https://app.netflix.ai/aq6/u9ph,0
https://api.google.co/dwcru,0
https://amazon.org/v87jsy7,0
http://bit.ly/kuuf4g,1
https://apple.org,0
http://dwywaja.ru/f65b71d%2F73cf6%2F4aa762%2F09b50176%2F49a0949b2,1
https://www.twitter.com/yeu7bg5jcdu/cm7ggbv/aluh0ijc,0
https://blog.netflix.com/igl,0
https://api.instagram.in/4avha/hj69/71g37i,0
https://www.netflix.net/dv6n3i6/qu2q0w615epp,0
http://bit.ly/jjml57,1
https://blog.apple.co/w5pd8bd0vg4r/vw1iav,0
https://app.netflix.net/6e1ehp4kqjl1/14fym/j4cu,0
https://www.instagram.in/g9xytt2dr8/kth,0
http://166.104.129.191/login,1
http://facebook-secure-login.biz/,1
https://secure-netflix-login.info/an06882fto,1
https://apple.com/login,0
https://secure-netflix-login.tk/,1
https://blog.paypal.org/qi00wu4fgijx/swhov0azl,0
http://facebook.com.verify-secure.top/l6pe15mp4tsb/ej44vn,1
http://uayolhq.biz/acdc03f36b%2F7c14de40aa%2Fb19dd0d55%2F8148%2F32f6fb0d%2F9f35e14e,1
https://secure-twitter-login.top/,1
https://netflix.org/ra4y5emv/8s4qq2bj/e4qc9a5pc,0
https://app.apple.ai/gc0pw/u8chiaargi4,0
http://28.247.225.72/login,1
https://app.microsoft.org,0
http://xtaxlidxqf.biz/601fb%2F5c508cd%2F1a27f0,1
http://apple.com.verify-account.xyz/,1
https://app.paypal.io/34ad/emqyil,0
https://instagram.net/r767r,0
https://amazon.org,0
http://bit.ly/3llnxk,1
http://amazon.com.verify-secure.cf/ea9gm3v79s8y,1
http://instagram.com.verify-account.ru/,1
http://bit.ly/6d1jxw,1
http://viopldcd.io/3888043%2Ffebf4a,1
http://131.185.95.55/login,1
http://198.222.55.252/login,1
http://google-secure-login.site/11se/5t1i1,1
https://api.facebook.com/628gycn5ou/tdljyy/90iarb,0
http://6aypal-secure-login.top/gz1e6twy052n,1
http://apple.com.verify-secure.info/3ga7kep5/8nddx32,1
https://secure-instagram-login.tk/137a,1
http://google-secure-login.ml/bgw5u8/g9g53,1
https://netflix.org/4bnu5xb3tae4/qsy7,0
https://www.netflix.co,0
http://google.com.verify-login.tk/rvqi3yax1m/afoq,1
https://api.amazon.com/login,0
https://facebook.com/vi2xcav6abt,0
http://apple.com.verify-account.top/,1
https://api.apple.org/kinegdxs1g6,0
http://uoxunbfrfx.biz/697df%2F776e5%2F4134c8aee,1
http://193.63.132.240/login,1
https://api.netflix.dev/bmes571rzejt/ksfjyvip821/rtb345,0
http://173.237.94.139/login,1
https://secure-google-login.ml/0yws/hpl01p87naq/iaalsq,1
https://www.instagram.net/k6a39or9lj/idocg/5m077m,0
https://blog.amazon.dev/ltndfzca/hu1kh6,0
https://google.io/ntfdj3/uff6,0
https://api.google.in/hjclir/34ub4xhb31ar,0
http://bit.ly/jj8069,1
http://bit.ly/azdcsl,1
https://blog.facebook.io/ap64huj,0
http://42.69.0.118/login,1
https://www.amazon.ai/6vco6eylz,0
http://micrlsoft-secure-login.ml/6hsl2em/9mcr3d1sadv9,1
http://goog7e-secure-login.tk/t5c/nsb/jovz,1
https://app.netflix.net,0
https://www.apple.org,0
http://47.11.225.8/login,1
https://blog.paypal.com/syl44lp7dtm4/oht25/z1a4fp2m5m,0
https://blog.paypal.com/2sfy6hx2iyh/xm64wmqnc,0
https://api.amazon.co/962/5ubxtz1kyojt/u7m,0
https://blog.netflix.co/m6v61v9v8t,0
http://twitter.com.verify-account.xyz/lr5r/i9dqfc8f/5lkxjgni,1
http://vsacxb.xyz/f5c17cc3%2F566ccd7%2Fb03cd8b4a%2F20c360,1
http://qbsmkxgaco.xyz/a747%2Fec641e5b70%2F997d8abe%2F7b533ff,1
http://amazon.com.verify-login.tk/emcmlmdkwo74/bqcf6z3yd7d/ky9t1,1
https://blog.paypal.dev/sg5,0
https://secure-amazon-login.ml/,1
http://googl6-secure-login.info/vhxmrhgob/0d6u76dawm/r0mrlk45ex2g,1
https://app.paypal.io/u2m1gbg/y5y5mi016r,0
http://apple-secure-login.site/,1
https://blog.twitter.com/a68hrg62puv/3h5hwqipp9,0
http://bit.ly/dwwylv,1
http://tw3tter-secure-login.top/tgy0/szgpvt,1
http://wydpumyu.ml/e0fb42a%2Ff425fd%2F4301219%2F2e5484,1
https://paypal.com/19ojk/vrrbiosh,0
https://instagram.dev/ksm2ad05pfe/6jausni,0
http://czjieanf.xyz/c0114%2F11835b58bd,1
https://facebook.net/w4wpwtc00to/ensg,0
https://app.paypal.io/u6g5/mj7rc14nxl3/bul6oq5d,0
https://api.netflix.net,0
http://am17on-secure-login.ml/zd43s9xg9qme/jnro1/xbcn,1
http://teztnu.in/3d4ef60f%2F95a4%2Fc20a%2F0050fd,1
https://blog.paypal.org,0
https://api.facebook.ai/sl5pld/etk4ve0obq4z,0
https://secure-twitter-login.top/qyz3i,1
https://www.google.dev/0aph28/qrmw9se4ne,0
https://blog.twitter.io/login,0
https://paypal.dev/nz9un4a/88pie2ucmoq0/tot,0
http://67.230.85.105/login,1
http://twitter.com.verify-secure.ru/yqy68w1ak6wi/z52w5,1
http://7witt5r-secure-login.biz/,1
http://lywwui.com/840edb35fd%2Fcdd34846d1%2F5e5c8%2F523d17e62,1
https://instagram.in/38pugkh7a/tmv676qlk5p1,0
http://goo1le-secure-login.site/o4ex20v2h7/6quq3/86gr,1
http://bit.ly/pf12lt,1
http://amazon.com.verify-secure.top/1a76m,1
https://www.instagram.ai,0
https://api.facebook.net/login,0
https://www.google.org/bwo87cmw9/44i77w3,0
http://mvsgolsima.ga/8d7ac%2F85a91d%2Fd0b16%2F9db2671d%2Ffb664%2F26c2d7dee,1
https://secure-amazon-login.ru/2yq7bg,1
http://paypal.com.verify-account.ml/,1
https://app.netflix.com/ratniy1x6ei/prid5gruwa/it9q529e4,0
http://insta2ram-secure-login.ga/,1
https://api.apple.net/grw7sshsn/k4lw/f82q,0
http://facebook.com.verify-account.xyz/,1
http://google.com.verify-login.ga/k5lece3a2zko,1
http://bit.ly/3zsod1,1
http://apple-secure-login.top/vdypurfj/9h4ny4gn0f,1
https://blog.microsoft.dev/dqdc2d3xvdx/q2srdx/s28h0n,0
http://micro0oft-secure-login.site/,1
https://blog.google.dev/l2l/vb7lok,0
http://facebook-secure-login.info/2yjrxy/vg5hw/2ogsk,1
https://blog.paypal.net/vs6eq93,0
https://blog.amazon.ai/rmulona/iihiupenuy/yd0ox8y8ukm,0
http://bit.ly/lo2j4n,1
https://instagram.ai,0
https://app.amazon.com/psh4hg3xbh,0
http://anajhqs.ru/dc457cb%2F72544ae,1
https://secure-amazon-login.ml/jiyujwruas,1
http://microsoft.com.verify-login.top/f0u2o6xn6xv5,1
https://secure-paypal-login.xyz/yeql/fe7nqstm9yw,1
https://google.io/jmujg3ndwci/9orjhfosk,0
https://api.instagram.io/akpo,0
http://16.151.122.175/login,1
https://app.twitter.ai/czsn8wy3j5b,0
https://secure-microsoft-login.site/,1
https://blog.microsoft.io/atjmffq5lv,0
http://twitter-secure-login.cf/,1
http://faceboo2-secure-login.ru/,1
http://ins0agram-secure-login.ga/,1
http://bit.ly/z34jlv,1
https://secure-amazon-login.ml/pkuchu0aw,1
https://api.paypal.net,0
http://ne4flix-secure-login.tk/e0i2zmp3b/av85ciky,1
http://2oogle-secure-login.site/j1j/zlyzswij2/t33gs,1
http://twitter.com.verify-secure.cf/oyow/8omphza4,1
https://twitter.io/iox/ck02dwyvjpq,0
https://app.amazon.io,0
https://google.com/u97a60c8d04/qtuva5/08v,0
http://bit.ly/fjg81e,1
https://secure-facebook-login.top/sezzvs/e4j85qoo5/fn9,1
https://www.microsoft.co/zi4pjsg9dq0y,0
http://iay0al-secure-login.top/,1
https://blog.twitter.io/xzud75qyz,0
http://192.127.97.122/login,1
http://microsoft.com.verify-account.ru/,1
https://app.twitter.in/5h02bbp,0
https://api.netflix.com/vg6f3ai91l53/bhazoyj9/t33kd356,0
https://api.apple.dev/i0zkqsy8hgpa,0
http://96.58.131.37/login,1
http://127.208.205.183/login,1
https://app.twitter.net/5vjp2j0g7/ry61vxr2,0
https://secure-apple-login.info/5cm3ixz,1
https://api.google.org/6q4t7o,0
https://app.microsoft.io/4nvdp0h8/txsuk,0
http://netfl7x-secure-login.tk/nci8h5h2/cd9,1
https://paypal.ai/9039ttf/0yjrf3,0
https://instagram.com/miicg/l3c,0
https://secure-twitter-login.ml/,1
https://app.facebook.org/jc09kv3,0
https://app.amazon.org/5opcyynqjp3/6sgk7z5w8,0
http://bit.ly/nyxxq4,1
http://pvvtab.dev/6fb68d248b%2F0f8b%2F62ee3b5c5%2Fb403c5dec,1
https://app.microsoft.org/login,0
https://facebook.io/n1bf/vssrfq4h7v,0
https://www.twitter.org,0
https://secure-netflix-login.info/5yf/awixc00,1
http://bit.ly/ayn9f3,1
http://twitter.com.verify-secure.xyz/90h/uuqvjsj9,1
http://goog3e-secure-login.top/,1
http://poiuuxn.biz/95a92%2F9b5ed95%2Fc08283fb2%2Fc221%2Fd3769a86,1
http://p0ypal-secure-login.ml/xukvgr7v6v/6oun,1
http://google.com.verify-secure.ml/9gk/rb199s90roj/cuxnf,1
https://blog.amazon.dev/ozo2/v270s6wl2j,0
https://www.microsoft.net/vu974ck/6w9o75/vlxayl7,0
http://chgrxyfhy.co/ac0823d2%2Fef943a4,1
https://app.apple.com/b3q8ngvvjms,0
https://www.apple.io/ejgat3n,0
http://paypal-secure-login.ml/,1
https://app.netflix.co/oll6n/07j7ko2,0
http://110.222.6.41/login,1
https://www.paypal.net/x2d3yl,0
https://app.paypal.ai/6gwq5fzwttu,0
https://blog.amazon.org/jbb8,0
https://blog.amazon.ai,0
https://api.instagram.org/aiz7/p1dx/s2qvjromb,0
https://app.paypal.in,0
https://blog.facebook.dev/0x4wn9ih,0
https://secure-netflix-login.ga/zowz6/wvylx8/3cwhj905q4,1
https://www.netflix.org,0
http://google.com.verify-login.xyz/d95,1
http://irasxpld.net/814a7bd%2F968bb1a397%2Fa777d500%2Fca2293,1
https://blog.amazon.co/afo0eahkql,0
http://bit.ly/4llsn0,1
https://app.paypal.dev/86zitvtj/2yud2/rwn21tsmn9,0
http://uywuacgt.ai/ed819e%2F14f1761%2F153c89c7,1
http://jnemxihnxoxl.xyz/5b76312%2F2e716%2Fe375c5bd%2Fcb194eb,1
http://twitter.com.verify-account.site/,1
http://161.21.217.198/login,1
https://secure-instagram-login.cf/qfsu,1
https://secure-facebook-login.site/,1
http://amazon-secure-login.ru/zi5g6djwg2l/hruetyi7h12r,1
http://bit.ly/6duie7,1
http://facebook-secure-login.site/,1
http://paypal-secure-login.biz/,1
http://tsepcpqaw.tk/53fd089%2Fe005a%2F1d09d6%2F95d7853%2F018f272571,1
http://bit.ly/o6lacn,1
https://api.paypal.net/4vo/xg39,0
https://blog.paypal.in/zf8zi7fvd/p6ljmcspj/6d1wrw,0
http://2ppl5-secure-login.site/8xfqx494135w/dey58ulqtcim,1
https://netflix.io/y40ovye/llmphofg,0
https://www.apple.com/jw7i8r8c/p07gz4k/e9p0w,0
http://189.0.169.43/login,1
http://ixfrwgffuxgo.io/ea00%2Fb5d12c418%2F109ac1f%2F0e107%2Ff94cf7e4,1
https://app.amazon.io/4l9ntzt7p3/3rnua4baz,0
https://amazon.ai/3st2nz9ha/k086yrvfc,0
http://bit.ly/kfeh4m,1
http://17.151.130.162/login,1
http://1nstagram-secure-login.xyz/eccw0ip5,1
https://www.apple.net/rd8r4,0
https://api.amazon.net/1jq1d/gatqcktxmnnr,0
https://api.apple.dev/n0agei/6qn/fu2wlu0h,0
https://api.netflix.io/login,0
https://api.paypal.com/6xm5ing6z1/lh6rxeetm/mzlz0lx0,0
http://bit.ly/hqnrvj,1
http://facebook.com.verify-account.site/30go36p1almk/7n8vnn/qru383p,1
https://google.org/ka6lg43k/f1ryzckaq6e/m22,0
http://ejpwsoede.ga/e70b0%2F45542527%2F07538f89%2F0d86f%2Fbf64ebb5%2F3a07,1
http://m0croioft-secure-login.site/7bj8f/zfi5j,1
http://bit.ly/147kk3,1
https://facebook.in/zki,0
http://bit.ly/mdr68z,1
https://apple.dev/n1oraec,0
https://www.amazon.io/7gkylong5x,0
https://secure-facebook-login.top/ch6acytehrpl/ytqzce/sirf,1
https://secure-microsoft-login.ga/1a51hc4f,1
https://www.facebook.in,0
http://unezcoypf.ga/704a%2F6908b12%2Fd877a%2F88d70a9e%2F3390a0%2F3e6efa2fe3,1
http://20.77.171.104/login,1
https://blog.amazon.co/pzxzk1pt6,0
https://www.microsoft.in/xy6dkq/adeuw3w,0
https://paypal.in/jvdge38nug,0
https://blog.netflix.ai/login,0
https://apple.ai/5s2/te7,0
http://bit.ly/fddqzu,1
https://www.google.ai/4sj6pnd,0
http://lrisbgqrsqpw.co/53e49%2Fe82e6%2F415926f4b2,1
https://blog.microsoft.org/1cm7c11ww/woxoxcmk/22lwj,0
https://secure-microsoft-login.biz/u83t,1
http://158.20.28.35/login,1
https://app.paypal.dev/z7bnmi/z6i2g,0
http://xnukeoyj.dev/4063b%2F88b15e5713%2Ff6e4e,1
https://paypal.co/61d94zc,0
http://175.226.20.136/login,1
https://api.netflix.io/x2h,0
http://124.213.232.23/login,1
http://hrfeypxktf.ml/c39b0d8a%2Fca5f676cb%2F01e001a475%2F0767fbf3e2,1
http://rmaarcpiak.net/decaf6a9d0%2Ff43bec55%2F9ec2f2631d,1
https://app.microsoft.ai,0
https://blog.paypal.ai/d9cs9r5b/n00kowmp/y6gg75sp,0
https://blog.amazon.com/xz865s/bbpnsx1,0
https://api.twitter.com/login,0
http://bit.ly/qgezqj,1
https://twitter.co/jtu/4tl8,0
https://blog.instagram.co/t751gl6ivz3s/v6dcv,0
https://blog.apple.dev/5zh/mp5g,0
https://apple.org/8zxst/2f024knvekux,0
https://microsoft.ai/2t7fzf8tf/wo3tl,0
https://paypal.in/wd0is6jm67se,0
https://secure-apple-login.cf/rlzrb5kwwrbb,1
https://secure-google-login.ru/2lyr92rs85w8/6svkfmyvhh0/kbk,1
https://www.apple.in/8w574y/9qwd8ljbg/3nk9kucvuoz,0
https://secure-apple-login.cf/2d1n0gm6n33,1
http://czcpngjm.io/0768ac%2Fb38e4,1
http://amazon.com.verify-secure.cf/,1
https://api.google.net/nd0mz7/pn0vm2g2,0
https://secure-amazon-login.site/ct8,1
https://microsoft.io/npnngvl8o/3fmal7yq/4lso10wsv5,0
https://blog.apple.co/tvizy65et/lypa,0
http://microsoft.com.verify-account.ml/ihbzuxqt9/re49x,1
https://api.netflix.dev/u6xg/1s8/bqr,0
https://app.facebook.ai/qz87k/c6ge8u,0
https://blog.instagram.in/ydi0gdn7c,0
http://bit.ly/loye1r,1
http://bit.ly/5a0xxc,1
http://bit.ly/scbh0s,1
http://unxantddms.com/d357c3%2F545f42cd%2Fc871%2F04de52%2Fdbe07dff2%2F87bf7fc924,1
https://twitter.org/login,0
https://www.paypal.co/kczm,0
http://bit.ly/t6vto5,1
https://secure-apple-login.ru/,1
https://blog.paypal.net,0
http://cbsbuhvtbgnh.biz/f17b9%2Fcfc3c7597%2F4033%2F3836ddec4%2F424404163c%2F6622e,1
https://www.microsoft.net/7j3n/bnx992,0
https://api.apple.co/zwhf5,0
http://165.237.102.184/login,1
http://paypal-secure-login.ga/,1
https://www.instagram.org/login,0
https://app.paypal.dev/yhpl26ora/kov5m7y/ksn,0
https://www.amazon.ai/a9vqq/cofkgd6x/c1bysr4l1,0
https://blog.apple.io,0
https://app.amazon.in/t04w/45klbe0/krh,0
https://app.netflix.in/5eqwapva/o1v,0
https://app.apple.com/9rpac2vxotny,0
https://app.microsoft.net/2wthjc1dlx/r61so7,0
https://blog.apple.co/zm8l00/pm8kg,0
https://secure-microsoft-login.xyz/981x/59n7j,1
https://blog.paypal.ai/vywy966,0
http://81.246.145.62/login,1
https://app.amazon.ai/vigi7f24dc/23as835doys2,0
https://blog.microsoft.io/b2kzyy5x/8y7nrbg/kqyitg8bbaw,0
http://21.87.113.149/login,1
https://api.twitter.ai/b1esxmkmz8,0
http://twitter.com.verify-secure.cf/887/urzd31cws,1
https://twitter.co/h05xkob23pls/j0fdyt/vm1iq017,0
https://www.netflix.net/c7uff/7eb7mim,0
https://netflix.com,0
https://api.microsoft.dev/j0z7frk/zoj1tk4ib/o4gjngc,0
http://vqioamvbhemc.ml/e6c5ebc%2Fbeef%2Fdd351%2F6e2f279e,1
https://google.io/jii,0
http://47.95.72.169/login,1
http://121.39.150.158/login,1
http://sxnhlmh.tk/7b43b%2Ff67c%2F173b1fd4%2F8c7f69%2Fbb8440%2Fb64d8e,1
http://bit.ly/rzwb4f,1
http://bit.ly/7a7zkn,1
https://blog.netflix.in/3tx28toz/2wypb,0
http://apple.com.verify-login.info/,1
https://secure-facebook-login.site/ew3ig0/8rwe/k1tqq4kk30n,1
https://www.microsoft.co/0ltfan8m4f0/c9q863bhmkzo/g42bn,0
http://vtcfvknyovc.ml/5936%2F784cce96%2Fff52%2F2276b%2F0b9e,1
https://instagram.org/qg3xdhcq34/uv7ck04wp/qefmt12ek,0
https://www.facebook.org/ljpgg1s8,0
http://lsugdz.io/af859b%2F0b91a%2Ff8824ba%2F456f%2F811d%2F0e43fafd,1
https://app.instagram.co/67by27yp0/33l/g58z6rws9ali,0
http://wyuemeyfiahf.xyz/b6401e%2F41cad9aa%2F5848e%2F4c2c5,1
https://secure-netflix-login.xyz/,1
http://paypal.com.verify-login.ga/vqxa/v05b/j937rvgv,1
https://secure-facebook-login.ga/jnk9ef9a0rr/ga4,1
http://ijzhxue.xyz/761e950%2F0a78,1
https://twitter.co/4koqv8vf/65dmwhmlv06,0
https://www.facebook.co/fadphn/p23fr5u57/mk98arri5z,0
http://bit.ly/v9mn43,1
https://api.google.net,0
https://app.microsoft.io/bcmjf359hxjq/vc1c9w0f/dvsl47i4,0
http://paypal-secure-login.biz/psfv8gw/l9lph86,1
http://rvhwenk.com/55cfd4%2F3f4243f79,1
http://bit.ly/s1ayy0,1
https://app.twitter.org/vjfs2vef0b/d06t8iliqea,0
https://app.apple.co/bb0/0hn/8u2ecaue1l4b,0
https://secure-facebook-login.xyz/hc1sb8od,1
https://blog.microsoft.com,0
http://bit.ly/afph78,1
http://apple.com.verify-secure.info/4mcmowbti3/q2tfq0u5gv,1
https://api.amazon.ai/uzqf9cqgx,0
https://blog.paypal.org/dcwi71ncske,0
http://twitter-secure-login.tk/d8eml,1
https://blog.google.co/ek1zubkj58en/st2u3/gry2ivgfdyk,0
https://facebook.net/i08i1l/1meu8ycxzw/sl6ju,0
http://mziazm.ru/6d65685%2F42159f7c%2F16fa9f52%2Fd25cf2%2Fd2485%2F8fc91fafe,1
https://blog.netflix.org/xh35mh,0
https://netflix.in,0
http://bit.ly/3z4f35,1
http://paypal-secure-login.top/,1
https://app.paypal.com/uay10m,0
http://paypal.com.verify-secure.info/pcayiv,1
http://paypal.com.verify-secure.info/lw4xqs/8l1j6ebs3i9,1
http://amazon.com.verify-login.top/ruom3v,1
https://app.facebook.net/6q3f6u/7bixijivv3b/u63,0
https://facebook.dev,0
http://92.145.148.72/login,1
https://api.facebook.org/nrcso8pj/6c2rxkhi2mc/m7mfla,0
https://app.microsoft.com,0
https://api.paypal.ai,0
http://171.13.196.139/login,1
http://amlzon-secure-login.info/no5qa/ajty9xhcywtx/5mii7tk,1
http://twitter.com.verify-secure.xyz/qsgy9lyo8/i2cyyru4d8/zgxsfvr,1
https://blog.paypal.dev/login,0
http://bit.ly/i6z05a,1
https://app.amazon.io/q1bhd0hjgjw/2uxs/z4xqwzqin,0
https://www.facebook.io/2eq47px13/acfq6ml6,0
http://netflix.com.verify-login.ml/,1
https://apple.com/z6hdihm5a/cy3jfd/qbwemyggunsm,0
http://bit.ly/w5mzv9,1
https://www.instagram.in/2vczvzxv,0
http://bit.ly/gbljx3,1
https://blog.paypal.dev/jkgfqeohr0d5/fv9kulcinoq7/x6na0rgzvvc,0
http://155.56.208.88/login,1
https://api.facebook.net/xc8214k6u5z/nz6z4jim,0
https://api.google.in/16lgwqs/bbz8bl,0
https://app.microsoft.net/b8gnw3/rhpb7ssoi2l,0
https://app.paypal.in,0
http://instagram.com.verify-login.cf/relrw6/0us23p84/nx3lm,1
http://47.218.84.224/login,1
http://netflix-secure-login.xyz/td8l2n,1
http://bit.ly/r5ponl,1
https://paypal.com,0
https://app.microsoft.io/gfujk84/jjt6km/wthj82l3yezx,0
http://bit.ly/aciehw,1
https://app.microsoft.in/o2veaio/07i/h728nwq,0
https://app.paypal.com/ewx/ey835dee0qr8/mp2uti,0
http://139.162.80.17/login,1
http://instagram.com.verify-secure.cf/2vcxwj/drex/o64k4,1
http://chcrvpudd.ga/89cb00f%2Fec0c661b1,1
http://lclmnv.ru/1face65%2Fd98502e0,1
http://terpqwxfxo.com/7a96%2F29e1%2F07059b2%2F7b57c12%2Ffa3b,1
https://www.microsoft.org,0
https://app.amazon.org/v0oqjrsjwm/9mwqxnrd,0
https://api.apple.org/login,0
https://google.dev/93jobn07hv/jkophkdif6c7,0
https://www.apple.co/lyktt6k558n0,0
http://nfkaxzrtl.ai/737f8b26%2F8c6c%2F93a41ba25%2F53801%2F8a03,1
https://www.twitter.dev/pdny/voqltzs3wy6,0
http://facebook.com.verify-account.info/,1
http://150.91.131.101/login,1
https://blog.netflix.net/hy9wt/l8b3/x2l5,0
https://api.facebook.dev/uhmz3445csah/prsemq3/9ios9tk9oz,0
https://api.netflix.net/vygq/s8ieg2wb6,0
https://blog.facebook.org,0
https://www.facebook.com/c9jhh2/dpm/cqe6,0
http://161.0.112.207/login,1
http://196.251.152.71/login,1
http://17.210.136.218/login,1
http://112.196.97.102/login,1
https://blog.microsoft.ai,0
https://blog.microsoft.dev/4h4nbdm/b55xn,0
https://blog.paypal.ai/e4c8a3/s1n0n6pysdl/xxd2,0
https://netflix.co/2v9a2mqc7o,0
http://177.79.201.179/login,1
https://app.netflix.com/fdw0ui/02eqtqu/ag2v5shintb,0
https://app.paypal.org/eq7dnlvj,0
https://instagram.com/5sh82ol,0
https://app.amazon.io/wg7/ola9je9/vtn4a2lxvspi,0
https://api.paypal.io/evxl,0
https://www.netflix.co/womerwj643,0
https://secure-apple-login.info/o6nh3/nw8pswpg,1
https://blog.paypal.org/xc2zqyv,0
http://joboljghah.ml/8aa34f1%2Ff1f070c2e5,1
http://0pple-secure-login.biz/g6px4iw47ug,1
http://184.88.197.223/login,1
https://app.netflix.ai/hyw08b,0
https://api.microsoft.dev/54pirqczr/jbelbp,0
https://instagram.ai/99kasb0n2u,0
https://blog.twitter.com/db3v/27khwagt,0
https://twitter.com/login,0
http://paypal.com.verify-account.biz/9ao658fosh/i3hit,1
https://instagram.com/login,0
https://blog.twitter.ai/0jcf7/3sibz/8fxum1e7,0
https://twitter.dev/q1wg,0
https://blog.microsoft.io/xtv2e/zztio,0
https://app.twitter.co/7tx49f/66emmyowm0c7,0
https://www.twitter.dev/xlvu1g/9y8tbd,0
https://secure-paypal-login.ru/ymie84bhy5/kr85zwxk/r14t8vifh7f,1
http://bit.ly/frpdft,1
http://37.126.191.59/login,1
http://dccoqfa.info/8eeda9c%2Fb0c99%2F8b69,1
https://microsoft.in/login,0
https://app.paypal.com/login,0
https://www.instagram.dev/wfe3pt,0
https://app.amazon.net,0
https://www.amazon.in/0lwrht/a2f7tpqy,0
http://mi7ro0of2-secure-login.ml/rpzbpjj110,1
https://secure-netflix-login.top/syol10zekf6j/479j9za,1
https://twitter.co/ichrjlns61,0
https://app.netflix.ai,0
http://apple.com.verify-login.site/,1
https://www.apple.io,0
http://hyvktb.ml/465140743%2F175a0d%2F82bf%2F90a661%2F6291%2F6aaebf,1
http://bit.ly/ol9vfy,1
https://secure-netflix-login.info/41a52xp/aj0r/4xwpwg,1
https://www.facebook.dev/933rpf2d439p,0
https://secure-netflix-login.ru/,1
https://blog.facebook.dev/xyfm0,0
https://www.apple.com/5kyvit/2m31119/vbjtug,0
https://instagram.org,0
https://blog.microsoft.in/w8urz,0
https://blog.apple.dev/b16,0
http://apple.com.verify-login.ru/rg7lfes,1
http://jitcsqgumt.io/b851bb1%2Fe93a%2Fe600806d79%2F18659861,1
http://jufbduz.top/33631c2d06%2F29ed9,1
https://api.paypal.dev/2b2ehzso3/nf616jvyggh/1nkefd2,0
http://65.168.52.66/login,1
https://paypal.in/p17/hwhu2eeageq,0
https://www.amazon.com,0
http://google.com.verify-secure.ga/44q8,1
https://www.amazon.co/tsxqafcbvei/k19lan/3f3309ki6,0
https://blog.facebook.io/6q3q2o,0
http://101.153.7.183/login,1
https://app.google.net/pwtp0tvy/qf1tb91/6vb1ha,0
https://app.netflix.co,0
https://blog.paypal.com,0
http://xwoowpsj.ru/23a68%2F06b8%2F4519,1
http://microsoft-secure-login.ru/bx14rpx6fli,1
http://facebook.com.verify-secure.xyz/,1
https://www.apple.org,0
http://bit.ly/n8eb2f,1
http://goog9e-secure-login.biz/o1comcwp9/5efe/m8fq,1
https://www.microsoft.com/login,0
https://blog.google.io/iwptm2n/ymr7/u1su6,0
https://secure-paypal-login.info/rmpro,1
http://qzaagommnvfl.ml/6b186bb0b8%2Fbe8ee32%2Fb0eb1%2F9f5e8f99%2Fe9743fff7f%2F2b4dd873f,1
https://amazon.com,0
https://api.paypal.co/qs2l/lby,0
http://22.116.102.6/login,1
https://www.microsoft.in/hute/3n4m,0
http://netflix.com.verify-account.ru/28o9yvpy3y/zkhpfn2nyyg/5aef30pvwdu0,1
https://instagram.io/hfztvk/06zwhb4lrtf,0
https://blog.paypal.dev/08f0fh8oyde7/1kbbctms,0
http://sehcjpj.biz/9181f4799%2Fccc73d%2Fd50f%2Fde986742,1
http://g3ogle-secure-login.info/lszu,1
http://quibocgpbpoc.info/3ddbc3e8%2F8a8e2574%2F8b69cbe132%2Fd8d5%2F66acf%2Ff62b,1
https://app.paypal.org/o5q1v,0
https://app.twitter.org/login,0
http://bit.ly/r7ud0y,1
https://secure-instagram-login.ru/9euxpcua,1
https://www.google.org/asnnfucbvmd/jp5sir7/luy2priz4zt2,0
http://google-secure-login.info/r853s584d/4nyn2,1
http://apple-secure-login.xyz/z0zvig/ld6y6yt3i9u,1
https://blog.microsoft.dev,0
https://app.paypal.org/wat/6dh2q/8polxcbb4mhu,0
http://apple-secure-login.info/a6ltnxt457u2,1
https://secure-microsoft-login.top/ofhxe323tt/br5/9j14evk6s,1
http://nblnvg.cf/e85307504%2F302d5%2Fc4abad,1
https://blog.apple.net/mnt5jlbjp7,0
http://twitter-secure-login.xyz/dk9tah/97fsvy,1
https://secure-instagram-login.cf/o8nmmb8f2f5e/es8yj,1
http://136.231.153.144/login,1
https://www.paypal.in/45safq/ew8gqysy,0
https://www.twitter.in/jtw/mqvb/ffm3do2it84,0
http://micros1f8-secure-login.top/lz89djnlh/g7xymthxyo1,1
http://djgcpxechize.ml/e25ddb36%2F2e09,1
https://www.microsoft.co/eofe4ymw,0
http://google-secure-login.xyz/5iu495,1
https://paypal.in/vio5tdsj6,0
http://amazon.com.verify-account.ml/zzsk6jjvqzzm/5p3tsf1lnsi/cjxelynrm,1
https://blog.apple.org/ts4ldl,0
http://kjnoqbwnnlw.ml/239bfb%2F84bac5845%2F40ec15f25%2Fcd87e2438%2F5803324%2F81348a4c4e,1
http://bit.ly/ozuctx,1
http://bit.ly/u516bq,1
https://microsoft.co/vkapylwy/hzj54e/t2172,0
http://bit.ly/2ll2u7,1
https://www.microsoft.org,0
http://amazon.com.verify-account.info/k3c5m/duxvam,1
http://bclphw.ml/cb1e5eade1%2Fd50e8777e%2Fae0f8db96c,1
https://netflix.io/0qnvrx88hzx,0
https://app.twitter.org/login,0
http://paypal.com.verify-secure.site/,1
http://enjpzcpss.site/b23a766d3%2F9c75f%2Fc6dec38e%2F0f25%2F83067a0c9%2F0a5d355,1
https://app.apple.com/mpfx1vzrz5u/bp8azt,0
http://paypal.com.verify-secure.info/pgsfk4qx7be/73lhq0sukmp,1
http://bit.ly/v2gb9c,1
https://api.twitter.ai/yqbh0g48/0yxduce,0
https://www.facebook.co/hccb,0
https://secure-google-login.xyz/066cqqmw,1
https://www.paypal.net,0
https://www.microsoft.in/7y2glnd/t8pzj,0
https://amazon.com/login,0
https://api.microsoft.in/6gmq8rxt/1h42s6nmrtu/sx4t,0
https://blog.netflix.ai/by2iyj/xos,0
https://app.netflix.org,0
https://api.twitter.in/siqp7ps2fxzt/3r8bul5a,0
https://www.twitter.io/login,0
https://app.microsoft.ai/87au5pc3eo2/j40xwo6q,0
https://www.instagram.org/ua72dylke297,0
http://bit.ly/szxeic,1
https://secure-facebook-login.info/xgo7uw33g401,1
https://api.netflix.in/56wc/bs98sow/3b6p,0
http://bit.ly/rb7chp,1
https://paypal.ai/r2mvgr3j/5abyqb/2b1n9845,0
http://bit.ly/1nbz6c,1
http://jkaljznqt.org/e4d0672671%2F7f88a7722d,1
https://www.amazon.dev/q7u6bnx0r5,0
https://netflix.org/5urk4cu73p4/lrowymr8iy54,0
http://in0tagram-secure-login.xyz/kowe10k4ud,1
https://twitter.co/tbakjm/rfaq4kby1,0
http://121.63.178.215/login,1
https://blog.microsoft.com/n6igv2/h4exfyov,0
https://app.paypal.com/vmudt7urdwnq/qjxu7dfs/rfctej1,0
https://blog.google.in/mtd5pva/nnxm2w/myeqajru2gw,0
https://blog.twitter.in/k1kw,0
http://instagram.com.verify-account.xyz/km76tab07951/cu5ci/kticsrleb,1
http://bit.ly/6uo4vb,1
http://tli0ter-secure-login.ml/stjdear1q/bki,1
http://bit.ly/hlrcrz,1
http://bit.ly/2g694s,1
https://www.facebook.net/apl5/yh1/wepq,0
https://secure-facebook-login.xyz/q0ee2w7e8a/y2rktog,1
https://www.facebook.org,0
https://amazon.in/tlduyvlc233/a4pw6n3,0
http://181.200.235.38/login,1
http://facebook-secure-login.ml/,1
https://app.amazon.net/login,0
https://www.instagram.io/tbacza31tjxg,0
https://www.paypal.org/cwoo/ttnf26,0
https://secure-facebook-login.ru/3ld/imcj,1
https://app.twitter.com/8kog1de/1xfckt5j/6t99n,0
http://amazon-secure-login.cf/u9tb/qeyx3ia1r8,1
https://api.microsoft.ai/qhrrz4n,0
https://apple.com/90cdie910/wo1rdu8uzqs9,0
https://www.apple.com/o3sex6/vwv9j6qybzd,0
http://twitter.com.verify-secure.top/dbe2n8xqr31,1
http://bit.ly/6ln1s6,1
https://secure-facebook-login.tk/,1
http://twitter.com.verify-login.info/xum4ay,1
https://www.apple.ai/r1tsq1rlxa/aan41rtrjij6,0
https://app.amazon.in/dh4o9c0o6up,0
http://bit.ly/6diumw,1
http://ap5le-secure-login.site/swtla7pd/iy1sbaqj2,1
https://api.netflix.co/w2amn/fu8ll024y,0
http://29.31.60.146/login,1
http://67.34.203.14/login,1
http://twitter.com.verify-account.xyz/,1
http://facebook.com.verify-login.biz/n9kyzbd/chgoy3udm/crkllwhx3vqh,1
http://paypal.com.verify-account.ru/1gfdco2,1
https://blog.instagram.dev/login,0
http://inst5gram-secure-login.ml/qsjg1pkw/ghbunu6,1
https://secure-google-login.site/4dp1caujup5g/6chefr3/p2m,1
http://151.138.49.122/login,1
https://www.twitter.com/4sk16/11mpf6mi/hpr3t1og3,0
http://mi5ros3ft-secure-login.ml/,1
http://paypal.com.verify-account.biz/dqx4vul8/4fwiphwtpnt/hinoux,1
http://87.62.232.243/login,1
https://google.net/kw8gbxohf,0
http://netflix.com.verify-secure.top/,1
https://netflix.ai/rx0t/030brhfy7u/w7psig412m,0
https://www.microsoft.dev/49enfr8/zvm66d5tlie,0
https://www.amazon.io/48g9,0
https://api.facebook.dev/login,0
https://secure-google-login.ml/oqa88rea,1
http://bit.ly/fy860o,1
http://22.70.95.148/login,1
https://apple.dev/vtqub/172kh,0
https://www.facebook.co,0
http://bit.ly/cf228a,1
http://instagram.com.verify-secure.biz/qatw2ei4e5hy/cs8s,1
https://api.facebook.dev/vwfcjjvq1uga,0
https://www.twitter.com/gh97f,0
http://46.152.143.251/login,1
https://api.paypal.org/wb1v1qn/0yc40888ub7e/hhmbe,0
http://174.58.87.56/login,1
http://facebook-secure-login.ga/,1
http://microso5t-secure-login.ru/2ocf3q6iq/admrovq5,1
https://facebook.io,0
https://www.google.net/ufe,0
https://api.microsoft.in/50e6a0/bhvvbvg/sdxe4yux9c,0
http://paypal-secure-login.top/40677zwm50/33it64w97/9dp,1
https://app.paypal.in/d4651/bteeaxrhbn/fbbbny,0
http://instagram.com.verify-login.top/1aj9bpeq6i/23frid4t,1
https://paypal.com/nmw/4mrb987t/18e7i4c1xi8,0
http://netf8ix-secure-login.ru/80s2d/bgdgucl/tv0t,1
http://bit.ly/coejf5,1
http://72.74.2.110/login,1
http://google-secure-login.top/,1
https://www.facebook.dev/lekw,0
https://api.paypal.ai/ewf/t35wbiito9,0
https://secure-amazon-login.ml/0jim4gx26mb/2xwng5/m78,1
https://netflix.dev/uwym8r6ycomr/5rgohrr8t,0
https://www.facebook.org/bd6is4/9vxhd,0
https://secure-paypal-login.cf/8uw2xaa/35j,1
https://api.facebook.org/wyakaud,0
https://app.google.com/j4tlu,0
http://instagram.com.verify-secure.ml/55f7l6/41gg,1
https://secure-google-login.ru/,1
http://bit.ly/rs1xay,1
https://app.google.net,0
http://xwpwofrimku.tk/bd141e%2F665b9cca8d%2F41939,1
https://api.amazon.co/xzx2jqxe1dgo,0
https://www.facebook.io/x4f8/gfitebv0l,0
https://secure-instagram-login.tk/6bdmv6rf8/i044zgamq/pd7gra7h,1
https://app.paypal.in/m4ixu53nc/uv2r7gxc8/yhxm3,0
http://bit.ly/w11ddi,1
https://facebook.in/sizs7jtk/rbuaru39,0
https://blog.apple.org/4nvc8hg/a4gvn7ns7q/4ejy,0
http://bahrignqziny.top/de6fde91%2F7603364%2Fd3683%2Fd0354fd3%2Fc63152080c,1
http://zpbmrkfmni.cf/1eff8c%2F8131cfa77,1
http://cjheugmy.cf/765bd1%2F2619359%2Fe3f3a106%2F2af2399683,1
https://app.instagram.org/id6jfcuopen,0
https://www.paypal.co/eop0zdhz,0
http://bit.ly/7pzgam,1
http://78.245.51.76/login,1
https://app.facebook.io/login,0
https://secure-microsoft-login.biz/sph0s10bkkm/a33007oas,1
https://api.netflix.ai/xkvc/871vii,0
http://jsscbjjkefe.tk/f4fe86c%2Fe0dc21,1
https://secure-instagram-login.ga/l07of89/ifvjmalx/gy9ns3v2nj,1
https://app.microsoft.co/miog83sdgf/3x4,0
https://app.instagram.net/3gl8muw63,0
https://blog.amazon.in,0
https://www.apple.ai/iapn/04wn3ntjo/26i8,0
http://120.162.129.96/login,1
http://apple.com.verify-account.site/lydx/405x,1
https://api.paypal.co,0
https://api.google.ai/4d5xky/e9ffpd88w81,0
http://instagram-secure-login.top/7eyy4,1
http://bit.ly/1ktuba,1
https://www.instagram.co/yd1cf22/ew5zu,0
https://api.google.org/9l5y61/e0lbh/8dv4vn,0
https://blog.facebook.co/6iv3y/zgh8roec,0
https://api.amazon.io/bcqbab3v,0
https://blog.netflix.dev/7hgyl8jrdd1/halc9z3hphk0,0
https://blog.google.co/pjw2,0
https://secure-microsoft-login.ga/zh3,1
http://bit.ly/l8d50m,1
https://app.google.in/qf9rwt,0
http://tqemunbuymt.ga/214f39668d%2F7c184af674,1
https://app.instagram.net/xy6k7ei7vzx,0
https://secure-facebook-login.ga/tg0/ijoyz3ydk06/g5ez6eaarvz,1
http://hyqttommxir.ai/33a22ff5fe%2Fe6e911e0%2F6e7f7b840%2Fa5e8249%2F7d12a89c%2F3e22,1
https://api.paypal.co,0
https://www.netflix.dev,0
https://blog.google.co/9mukqiibxwq,0
http://bit.ly/1c9js8,1
http://191.161.142.135/login,1
http://118.163.172.170/login,1
https://secure-facebook-login.xyz/mr865c/y91x0rlml,1
http://mkxxzjcmkafh.top/a1a8%2F4122c90f2%2F2fe1303b%2F167001,1
http://83.103.51.4/login,1
http://bit.ly/x14qfj,1
http://bit.ly/38tibv,1
https://amazon.ai/xvdj/z2nfomqtk/tvsf7vajsl,0
https://app.twitter.co,0
http://54.223.33.27/login,1
https://api.facebook.io/77dqu,0
https://www.netflix.com/xpl11d8t12ih,0
https://app.amazon.com/yyqiq0htargb/0a3oysn68,0
http://netflix.com.verify-secure.top/,1
https://instagram.co/xcvs8nqgavz/ux4,0
https://amazon.io,0
http://xqlnatrkxego.ai/5877d%2Fec06caec85%2Fdecd24b%2F8c635%2F6239c%2F7832bb21,1
https://app.google.co/mxh/f542ottb6/ap3jckez3bab,0
https://api.instagram.ai/mq5ucms587,0
http://inst5gram-secure-login.info/8ny,1
http://dauwvhrnjlz.io/ac6cd5aa8%2F024115f%2F3f5e6e8e57%2Fd4493,1
http://apple.com.verify-secure.ru/pn3u19q/0ua/6zceb2t,1
https://www.paypal.com/wrdz3/hqxk7k9qh/t8yio3r,0
http://181.74.122.212/login,1
https://secure-twitter-login.xyz/75otre/y3xfmxul,1
http://bit.ly/yq0bws,1
https://www.microsoft.in,0
http://microsoft.com.verify-login.tk/em3mrsx8v,1
https://instagram.org/glncf4fi0wk/69hiuvru9bya,0
http://bit.ly/zse8zf,1
http://qzwffypkfutc.ru/2930%2F7930%2F9fd0%2F6305d%2F97e6,1
https://microsoft.com/8uedk/dw48/qia9160t3r,0
https://amazon.io/u9h3da/mlukj,0
https://secure-twitter-login.info/yy5td6l/utjq37a2j/9afe9qqu1mn,1
https://microsoft.io,0
http://mic62soft-secure-login.ml/ywfl/dsn,1
https://api.amazon.dev,0
https://microsoft.com/54rp/4wv046/f2tgaxmgzqdw,0
http://116.249.244.33/login,1
http://43.183.87.181/login,1
https://api.netflix.com/sczj,0
http://157.49.158.212/login,1
https://amazon.ai/qr6v4b6kaly2/gxbtjc9i0d1y,0
https://apple.io/zbc7rzj/run15rweok,0
http://bit.ly/tqhuvz,1
https://api.amazon.com/358l1ge,0
https://secure-apple-login.cf/9m9cjyfqpo/96o/5mb97,1
http://netflix.com.verify-secure.xyz/,1
http://bhooqbcwj.net/bccfb297%2F6d1afea%2Ff4492e%2F78b6d00%2Ffc9eda9,1
https://blog.instagram.io/9u68fpiu/l47xc4zo0w8n/mo9q47wzm7ep,0
http://qtgshccygatk.ai/4a298a47fd%2F494aad2b%2F3215%2F0bfbe2%2F7196a16,1
http://20.218.170.232/login,1
http://apple.com.verify-login.ml/49zb53qef1n/j1zifsgwei/pafilh9za,1
http://wtpnmp.top/3e9c393e56%2Fcd452%2F250c3a%2F60d91b6%2F79f3c0a%2Fc0723,1
http://twitter.com.verify-login.site/30hpknt80aj7/gpzl/ovw,1
https://blog.google.co/f28vb/o2ic8iwq38/zu3ucdmxltrt,0
http://196.134.55.136/login,1
https://secure-microsoft-login.ru/6ya30/4z2xztcin/oy17,1
https://blog.amazon.org/gy4zcgg/u1k8nm9b,0
http://faceboo2-secure-login.info/4w4/8o7m07dxsh8,1
https://app.paypal.co/d7imx3w,0
http://instagr0m-secure-login.tk/,1
https://blog.twitter.com/c0uz7qbaewpa,0
https://blog.paypal.io,0
https://blog.instagram.org/pu5wnieg4t19/4akzn0tas82a,0
http://bit.ly/pit1ys,1
https://blog.netflix.io/123zzohbk/9rqwy4cv5hk,0
https://netflix.co/td2w6rc,0
http://dsokmhbehng.ga/c69f19c%2Fabcf2d7,1
http://tlit0er-secure-login.info/8zgt/cq9dy7lvkjcn,1
https://blog.paypal.net/cg7w1/ktxun/0xut,0
https://blog.paypal.com/0yyk3u3d1gy/xrw3wda1/dm2,0
http://ttvlutpm.ai/e276%2Fcc494843,1
https://twitter.net/lpvg56w8fo0/cthg3hb9d,0
http://bit.ly/yy9rn8,1
http://g2ogle-secure-login.ru/8lko9/kgvms3e2qecd/4f6r4abdcu1,1
http://n5tflix-secure-login.tk/5kr83zmc/b1lk5uf7n,1
http://google.com.verify-login.site/,1
https://microsoft.in/2yme,0
https://www.facebook.co/e6xt5,0
http://ztcjeufzfmwb.top/cc27d95%2F042c%2Fed828a6,1
https://api.netflix.dev/qd489qurgf8/eu6vk8fb/tbl8bfc,0
http://google.com.verify-account.info/6c9fu/cocde/i47bj97,1
http://hdjoyngb.in/e6af6b%2F41cb%2F11ea8%2Fc3ecb7%2F7c480d11%2Fa93735c,1
http://bit.ly/1is2w8,1
http://mvbuftz.xyz/353bdaa8a8%2F2b04afea%2Fc37f2%2Fedc466416%2F4a4b562,1
http://paypa2-secure-login.biz/,1
https://api.amazon.in/52i96vwyp/3813sl71jz,0
http://paypal-secure-login.xyz/0cvfyoluj,1
https://blog.apple.dev,0
https://www.microsoft.io/g3wxoq,0
https://blog.instagram.com/3la/hyi6pxod73oi/d8av0vdzxqc,0
http://bit.ly/3zggm3,1
https://app.amazon.dev/4r7mk/tw6l,0
https://api.twitter.org/c5l3gyfrgs/zh2fd6k,0
https://app.microsoft.io/umml5c7j/9uqu,0
https://api.facebook.dev/wk1gam5j/slreenynkt/60nk5z,0
http://netflix-secure-login.ga/jgp6z2ce0pac,1
https://app.amazon.in/sqvtjo/08bl5brq,0
https://app.facebook.com/8ygzpu7/e5d1w978dr,0
http://apple.com.verify-secure.ml/,1
https://secure-amazon-login.tk/,1
https://secure-facebook-login.tk/xdkpg3/c0vwi7c0b4tb/3rdi1i,1
http://ijfrdmz.co/2af7%2F4577f71386%2F815ee1%2F96dbb7c86a%2Fff801%2Fe2f5c1d6c,1
http://qvtrjtb.site/c0fe%2F61fc%2Fc1833c8f%2F77710d5%2F06c5,1
http://twitter.com.verify-secure.tk/wgal9wz8o,1
http://paoryctj.io/dca0a416f9%2Fe4d63ee6b%2Fff6eee46d5%2Fc357a6a%2F7cb9b%2F0335dcd4a,1
https://apple.io/j4jjgcsvs/by8801ctja,0
http://gannalazar.net/3d21%2F80adf9f24%2Fbcfe4cc5%2Fa95d4992,1
https://facebook.co/zvsrlu60/agg42,0
https://blog.amazon.io,0
http://105.213.141.216/login,1
https://www.twitter.co/3k6emxn6gpdy/x6815nikj,0
https://www.facebook.dev/apjfa1ld/nlmoi,0
https://www.instagram.com,0
https://secure-twitter-login.ml/4t2cqvj16t,1
http://paypal-secure-login.ga/,1
https://blog.amazon.ai/xe5ta19,0
http://bit.ly/kkarfa,1
https://www.paypal.ai/ss61/sj8b857fm267/v27gzhfpm2k,0
http://netflix-secure-login.xyz/,1
https://netflix.org/8mh2k7vdd6q/ugtpthre,0
https://app.microsoft.ai/p367,0
http://ttkbetofpa.ai/4b4590%2F9b8bc50f,1
http://pqsghjoomsl.ai/e64479%2F40778c084%2F4dd7f8%2F11175d%2F1b0f9ef0d,1
http://netflix.com.verify-secure.tk/ea01/sy9v4s4lhi,1
https://api.facebook.net,0
http://29.75.15.67/login,1
https://netflix.io,0
http://bit.ly/piqbh6,1
https://app.facebook.ai/nczmgy/30azczj/dlba,0
http://yyzfyua.cf/63e0178e6%2F019cae%2Ff5e9bb1%2Fcbada0c3,1
http://73.98.250.96/login,1
http://facebook.com.verify-account.site/t2z8tp5uaph/02u1crzhp8,1
http://paypal-secure-login.ru/wuosxiyu/pbwp18,1
http://ndgzkmt.site/fb852119f%2F246144014%2F12e2d%2Fac7233793c%2F03eafab,1
https://microsoft.in/x03/4uhq8if9,0
http://google-secure-login.ga/n57/gxw9a2,1
https://app.amazon.io,0
http://twitter.com.verify-login.biz/,1
https://app.amazon.com/9zxbpbk/u2zs7gj5,0
http://svxbizj.ml/f5a5dc114%2Fedf6635%2F58d2,1
https://app.google.dev/zxbu,0
https://api.amazon.org/1397/6dr/k1ea3,0
http://40.59.112.58/login,1
https://blog.facebook.dev,0
https://secure-google-login.cf/,1
http://paypal.com.verify-login.site/u3lcjkkgt/ujlcyba88w,1
http://bit.ly/k256cq,1
http://bit.ly/dfpudx,1
https://api.amazon.io/login,0
https://app.instagram.in/7eq4f7qwx,0
https://blog.netflix.co,0
http://bkjjoaxzloy.net/483f71%2F758206dd%2Fb3e0ff,1
https://app.paypal.in/z1szoqd4s2h/mrq0qp4ql,0
https://app.netflix.org,0
http://amazon.com.verify-login.ru/5ysda5bppulv/rsc2sd0qg2q/xjo,1
https://www.google.net/0vxf4pb/v4d60r1do0/5ux8,0
http://bit.ly/ujjgjb,1
https://www.paypal.in/s4c87nod,0
http://nakultwahvnw.ga/95ba8e%2F19e1f7%2F4f6b2f0a%2F2557b91%2F026517,1
https://www.netflix.io/hoy90m1rx/rivs6,0
https://apple.io/ii71665bbnc1/kzvb83,0
https://blog.microsoft.ai/ds1k8rkh3mos/d9x8y2azf,0
http://187.248.245.62/login,1
http://amazon.com.verify-login.tk/qvp5/xjn101s/s96qd2,1
https://blog.facebook.ai/6432zlvb8/44t/msik3,0
http://google-secure-login.ml/ym34lxf,1
https://app.paypal.co/5sll3kfewj/h4z47/zfkd1pk8ot,0
https://blog.twitter.dev/bry300,0
https://api.twitter.net/n4pb/8zos,0
https://www.amazon.co/885q/ikmgfsjoxk/qftfc2h,0
http://bit.ly/3ubi4u,1
https://www.twitter.io/534,0
http://twitter-secure-login.site/eemq8y3,1
http://amazo2-secure-login.tk/s5j81zcgyh5,1
https://www.paypal.in/r62oy,0
http://netflix.com.verify-account.xyz/,1
http://94.162.252.248/login,1
https://blog.facebook.com/omy43/fcokpedkkjy/4sp1zygmdqzn,0
https://api.apple.ai,0
https://microsoft.com/3b28t1,0
https://secure-microsoft-login.ml/6yyn,1
https://www.microsoft.io/szzw/6ouv7tb2i5qp/svmj6ezmx,0
http://instagram.com.verify-login.top/0kty6f2/oxrlr1/en6lg8b,1
https://api.instagram.dev/u47w/v1puc28/mb6,0
https://www.instagram.ai/h0xnc70l0,0
http://dniqdinkkow.tk/e0ef4e%2Fe23e84,1
https://api.netflix.org/ktquad5i09/9a0/i0ad0ouc81nb,0
https://api.apple.io/5cvq,0
http://instagram.com.verify-account.xyz/ugyg4s/7bq968vffht2/e0szrhzz,1
http://52.105.45.78/login,1
https://app.amazon.org,0
http://amazon-secure-login.biz/gewhw/0gx28j16snho/h86t5e,1
http://124.119.25.249/login,1
http://n5tflix-secure-login.ru/65k5e/ryydl75/d78qyr00,1
http://192.147.177.86/login,1
http://microsoft.com.verify-login.tk/1mxm/26o8s/msvw,1
https://apple.com,0
http://154.68.12.235/login,1
http://g7915e-secure-login.site/o0h1y,1
http://m4crosolt-secure-login.ga/hb32/ayr,1
https://api.twitter.org/3brjrxcqcna/9she7s4i8ula/7lmuzqm2yqus,0
https://app.microsoft.net/52zf29d1uh/pcu74ehtovvf/fjnzb9mgyk1,0
http://64.36.73.198/login,1
https://blog.netflix.co/gq5gfo/wcr0/8067cum,0
http://bit.ly/aqstph,1
http://g7i4le-secure-login.top/,1
https://microsoft.net/0jmb/mmeo263f/zb9rnrnf4,0
http://139.40.144.155/login,1
https://secure-google-login.tk/hq8e4ieaq4ve/47io/ir8s,1
http://92.197.65.52/login,1
https://app.instagram.ai/0gzch20y,0
https://blog.amazon.net/9c7d/wgqm5/jw2tgwosnl4,0
http://bit.ly/nty1ds,1
https://www.microsoft.io/8s1whel/knqkuxd,0
https://netflix.net/login,0
https://app.apple.org/3ctla2/8zait/even,0
http://amazon.com.verify-secure.ml/rm9eytb0,1
https://secure-microsoft-login.xyz/,1
https://api.apple.ai/q0tnqyr/6od,0
http://bit.ly/sx3qd0,1
http://twitter-secure-login.xyz/11pytcmh/gbrebse3fntq/p2gx,1
https://www.facebook.org/l2h5sci2/xpu1vv6ltmt/ywkepegkbo5,0
https://secure-instagram-login.info/ymaf9ugkaih,1
http://bit.ly/9jt89p,1
https://app.paypal.ai/ho11,0
https://www.instagram.in/1p0zqggda/xl2ab9pl,0
https://secure-apple-login.tk/z1m4o7x,1
http://apple.com.verify-login.ru/kqngx4kv/7ojpkvz,1
http://bit.ly/l58qri,1
http://fzgkqwpzh.tk/2d46ff91%2F3d23d07e4,1
http://24.253.101.33/login,1
https://microsoft.com/yc4hy9z57rx/epov2c1b19n6/560p4ywlm0e3,0
http://167.148.161.241/login,1
https://secure-google-login.ml/,1
https://app.google.dev,0
http://twitter.com.verify-login.ru/,1
https://api.microsoft.org/joq0i8sn7r/36vx,0
https://secure-netflix-login.tk/82z1s5,1
http://ocouqz.ru/a513005%2F41b8,1
http://rfqffltpemdb.cf/2a2b22e37f%2Ffe5fd62895,1
https://twitter.org/vkzu37xj6x1s,0
http://faienemaxrzq.xyz/767828%2F7ad24f%2Fe5ba,1
https://www.apple.in,0
https://blog.instagram.in,0
http://google.com.verify-login.ga/he10u/beb6gp/jpzgm2,1
http://82.169.161.242/login,1
https://secure-amazon-login.ml/eb00wgor/b8alyjuj/i7p5,1
https://app.netflix.dev,0
http://bit.ly/vdfg8f,1
http://hnahgqejbs.net/772597%2Fbe93b2b6%2F7c2b740%2F554793941d%2F2ad79e%2Fcc6f,1
https://www.microsoft.org/i53mqocps6x,0
https://instagram.co/login,0
https://paypal.io,0
https://twitter.in/goic,0
http://130.191.34.191/login,1
http://58.7.130.20/login,1
https://secure-google-login.tk/ti93kd/092edg/mkl32,1
https://blog.instagram.com/55vocn,0
http://177.235.246.140/login,1
http://bit.ly/gyryao,1
https://secure-netflix-login.biz/kocbhh9px4/fz4,1
http://kdvtrg.com/8066d8f908%2Fb8cf34b785%2Fe5fd31d%2F825130%2Ffb71%2F16bc,1
http://123.38.55.100/login,1
https://amazon.org,0
https://netflix.dev,0
https://secure-microsoft-login.biz/e0lpu/u8g/k0685foak,1
http://g8lg1e-secure-login.biz/y5lm0kv5u/upk0m67x/2ysk,1
https://apple.co/06i/dczi2niz72,0
https://blog.instagram.ai/bbncdt,0
https://app.twitter.ai/azqq3ahq/sw77m,0
http://141.9.252.152/login,1
https://www.paypal.net/5rzjpa1,0
https://app.facebook.org/up8dl86k,0
https://blog.paypal.net,0
http://paypal.com.verify-account.tk/jxv0oa24k/ru3,1
https://secure-microsoft-login.biz/jxwgob9dqdp,1
https://api.twitter.in/pqofz/cez8,0
https://blog.netflix.in/56boz5hzi6g2/9ima,0
https://microsoft.dev/inofmq5k4k/011b2ujtn4/pk3bbtz0,0
https://app.amazon.ai/k17f1s/6if8pyqfui/3665e1d,0
https://www.google.ai/vmdv/zgub9rs/cm7znr,0
http://bit.ly/66v7yo,1
http://google.com.verify-secure.cf/,1
http://111.17.232.183/login,1
https://secure-instagram-login.ml/,1
http://instagram.com.verify-login.top/,1
https://api.instagram.in/login,0
https://app.apple.co,0
https://app.google.org/99j2ajq4hr/c9moj/i2k6p6n0,0
http://ne5flix-secure-login.biz/ffm5gw6/l455xqgw/gcqg,1
http://bit.ly/q717ad,1
https://api.instagram.ai/5unjy3ydpa8p/3fls/sjicqwqnl6,0
https://www.facebook.io/yfeeq5n7ruk/vpn/74pmeq,0
http://tcjkrqtp.ai/8fc09c%2Fbb3472ff%2Fbf9f7%2F356b5%2F70ebf,1
https://app.twitter.co/rb9iw,0
https://blog.instagram.dev/8ebx80gv55ab/jfyqcyn3/legp8cotiw,0
https://www.twitter.ai/0k4/axa57sftv/2a7pxx4fi,0
http://9aypal-secure-login.cf/5p7ealnw/sls,1
http://facebook.com.verify-secure.ru/yf4u0k/2yuq2e8/e5p1usjf3,1
http://82.202.206.106/login,1
https://instagram.com/login,0
https://app.google.co/1nad0u/s74d5,0
https://api.apple.net/b6zqyexeb,0
https://app.paypal.org/fd11jtx5yb2j,0
https://www.apple.org/nk1kmiz/p07vk4o/3b9jg31zml,0
http://paypal-secure-login.site/,1
https://www.microsoft.co,0
http://bit.ly/5kv39a,1
http://bit.ly/ahwgv1,1
https://secure-facebook-login.info/wdqeh/yr7ar52ysuc8/blpk7,1
https://blog.google.com/login,0
https://app.facebook.in/kd8qs/g8tb,0
https://secure-twitter-login.xyz/ztzdbxa/rwvt4izdbbb/gditd6cq2eb,1
http://amazon-secure-login.cf/dg16,1
https://blog.apple.co,0
http://microsoft.com.verify-login.ga/wmx9r24,1
http://18.191.154.11/login,1
http://face8ook-secure-login.cf/raep4udngm3/cje5m57vh,1
https://app.google.org,0
https://twitter.net/ywo6/vh0kh8hayaql/sx55,0
https://facebook.co/y4iqzrfx,0
https://blog.google.org/dc1yp/bdib1cip/iejl04,0
https://blog.amazon.dev/login,0
http://paypal.com.verify-login.top/o0kusvjz3/88ty6ra1rcg,1
http://27.154.68.212/login,1
https://www.netflix.ai/jqtszbs,0
http://9icr7so6t-secure-login.ru/6xg1l7k3r/2r1qi6lkv9r/y1k,1
https://netflix.org/12ly3/iro0,0
http://instagram.com.verify-secure.cf/th8a01r2/os1purq7c06k/uw6uao2s,1
http://112.172.140.36/login,1
https://api.netflix.co/3rj,0
https://amazon.net,0
https://blog.netflix.net/sbkzg/tf16moxwa053,0
https://secure-microsoft-login.top/bb4scmu2r/pziagh,1
https://api.apple.net/xaye/bhkreo/3i57ulo299gk,0
http://srbxdh.in/1506%2F13ae9%2Ff0084826,1
https://api.amazon.in/7vlfr69dt21n/326,0
https://instagram.org,0
http://twilter-secure-login.cf/mr14ykgex/c8b1yqwy/9gyaaaj,1
http://a8a4on-secure-login.ru/g2a/lwd,1
https://blog.facebook.co/login,0
https://api.netflix.com,0
https://www.paypal.net/cbt5tk,0
https://api.facebook.ai/1p49kr,0
http://amaz3n-secure-login.ru/teglg2nr8/x8qmgy,1
http://34.43.35.16/login,1
https://instagram.dev/login,0
http://twitter.com.verify-account.top/4myc/kcljo0rw5swq,1
http://bit.ly/x18ye0,1
https://blog.netflix.io/bus4139bwq/niguxosi4r,0
http://94.141.33.131/login,1
http://14.75.209.38/login,1
https://secure-google-login.top/4h67ssclp/ffm,1
http://srsrpdm.org/dddd3%2F8217%2F8eecc7%2F2754a%2F3c9e0e1b9%2F09d22,1
https://app.amazon.com/aenk73b9a,0
https://app.amazon.ai/login,0
https://api.amazon.dev/xmhj/s1jj05,0
http://insta3ram-secure-login.xyz/ba4r/qc66uykqq,1
http://bit.ly/newyh2,1
https://secure-google-login.info/vy2220tbkdv/w818k9mw/eo7ef,1
http://wesrktodkw.in/1819093a%2Ff8cd7c0e%2Fdd6c%2F2d06eb9b1,1
https://blog.twitter.org/aepj/2xnd/0bz2s6oxiynr,0
http://eahrtbq.ai/b7b6b93%2F7d8d7b840,1
https://app.microsoft.co/rusnaxyz/zy5p1ujo,0
http://microsoft.com.verify-account.ml/,1
https://app.instagram.co/login,0
https://app.facebook.in,0
https://blog.amazon.net/dvnlncbjd/dyhs54/jx4,0
http://bit.ly/vadyct,1
https://api.twitter.dev/n7ceyn5f6j1j/qqatu,0
https://app.paypal.dev/3opa,0
http://kpsynllccq.biz/88ea8b4c90%2F56f9%2F75d647f%2Fe978d%2Ff728d1f,1
https://microsoft.in/login,0
https://api.facebook.net/59jwe5a/jnhasl9/cpzys,0
https://apple.com/s05rvin,0
https://secure-twitter-login.tk/9hv15qxle,1
https://www.facebook.net,0
http://wdvjnjubho.co/42f98406%2F859b6bbc9,1
https://google.org/dn8g2/2p4gv8/pbf37hmhv65t,0
https://blog.facebook.com,0
https://blog.facebook.ai/djr3oxyh/vx9eno6328zn/e8m2,0
http://74.146.130.253/login,1
https://secure-paypal-login.ru/gqi5t/xfubzwf/cc9t7619zpo,1
http://bit.ly/vfwddr,1
https://app.amazon.ai/1xnky,0
https://app.google.ai/w2ljotjg,0
http://microsoft.com.verify-account.xyz/9iy72z,1
https://www.instagram.org/8prxtgox/tpywuyy/hny2tzyd,0
http://google-secure-login.info/ekbvpysti/77ayt9arf/1fxau9f4b,1
http://microsoft-secure-login.tk/,1
http://bit.ly/yrhohy,1
http://twrutautulbf.biz/cd85f7%2F5c7e03%2Ff14c%2Ff112%2F91c61f%2Fada21d,1
http://22.5.144.192/login,1
http://netflix-secure-login.ml/,1
http://a9azon-secure-login.top/i72nzo5cfi/243yz,1
http://bit.ly/slquru,1
https://www.paypal.org/wvjnpzl3o7yt,0
https://www.paypal.co/j1dc0jx1q089/f5r496u/6jyv,0
http://bit.ly/yzedyr,1
https://www.instagram.dev/28q01lbph5zy/wfb,0
https://www.facebook.ai/cmiwmf,0
https://blog.apple.com/l6w11atar8ey,0
https://api.twitter.ai/0rles64tg8r/kdy4nkhjolt2/4ujm,0
https://app.instagram.co/7utd1/9n10ajvmgbd/9zuz3,0
https://secure-facebook-login.tk/am540j9/xuje/k1818,1
https://api.facebook.io/b4tben8rm/qhydj,0
https://amazon.org/j2ygus0kc/qzlsog,0
http://twitter-secure-login.ru/yg6h2vtufo,1
http://ap0le-secure-login.ga/,1
http://bit.ly/tnpsfz,1
https://facebook.net/login,0
https://api.google.io/r6c,0
http://bit.ly/xtzzru,1
http://paypal.com.verify-secure.cf/aaij2cmk5uu/3dvie1hhod6e/f78o,1
http://gkjfvl.ml/76f82f9549%2F0fd36d406%2F969ed0b963%2F9e76eb372,1
http://159.64.94.119/login,1
https://blog.paypal.ai/77uth7t/ezbtntwpz12/pq8ji,0
http://onuefu.ml/bac1%2F55ca3a4,1
http://bit.ly/prprhb,1
http://182.158.57.111/login,1
https://app.netflix.co/ifmm8i/188z8tjs,0
https://api.twitter.in/99ccp7iw6r,0
https://app.twitter.ai/gn4bfp/j2x,0
http://163.240.154.225/login,1
https://app.microsoft.ai/yx4tw8/gapnhrg,0
https://netflix.co/cam0f/ncyb6lj,0
https://blog.google.dev/mmrucb/u88p,0
https://www.microsoft.com/login,0
https://app.amazon.org/b00fffgpd,0
https://app.apple.in/vvwunck/beapfd/ttlt3hw3o1jv,0
http://bit.ly/vh8q6k,1
https://www.instagram.net/w7u8o9oc37j,0
https://paypal.io/8af6h71iabm/9ntrs2hx8/lgphcqftb6ho,0
https://netflix.in,0
https://www.google.co/aswth6jmj9/gaw3704o8/i172zfxzl,0
https://amazon.net/egmcj8,0
https://secure-apple-login.info/,1
https://www.microsoft.dev,0
https://secure-twitter-login.tk/v4bk4ykgpwz/wu4enjcp3f6t/dt0thq5i,1
https://www.instagram.in/pdj/qr81csdg3d/lcbpaph,0
https://blog.apple.co/ze85cfujlb/9g7x/9o9y0,0
https://paypal.dev/uxzdrj2/1mlc/cwefno,0
https://api.paypal.in,0
https://blog.netflix.dev/mfvb9cpbo,0
https://www.google.io/l9abrv,0
https://api.apple.net/ph7fgeczqr,0
http://app9e-secure-login.xyz/fnm4/iiqf6rz/c0zkg4k80,1
https://app.paypal.dev/41oyq8n55l/pu9d2oy/2j57lomuug08,0
http://bit.ly/plv88a,1
https://www.google.io/login,0
https://secure-paypal-login.xyz/,1
http://microsoft-secure-login.tk/k4i7/b563jmns1i98/g7hpthv3tv,1
http://bit.ly/qfe7ek,1
http://56.75.59.233/login,1
http://wfgxrolro.in/09814b%2F7495%2F9b6fc%2Fcd9066%2Fe9c625006%2F251422,1
http://ionvfueo.info/9f183b4fb7%2F0a74c466e%2F05574a5%2F643c9665%2F033c%2Fae64d7e1c0,1
https://www.instagram.org/5vaxk6b/6x710,0
https://secure-facebook-login.tk/a38lfy/93q4cr09yw/y733r3,1
https://secure-paypal-login.ml/o6mp2wcp0qy,1
https://amazon.com,0
https://www.microsoft.co/i90c6n,0
http://acdjccjnoogw.in/e7170e4b8a%2Fb74c,1
https://www.netflix.dev/cl31xj4blq/am5vf82n/nghd,0
http://bit.ly/kt58dt,1
http://paypal-secure-login.biz/thiim8v4nf/mmnib7/pmj9o4a10jk,1
http://paypal.com.verify-secure.top/kua7150564/64y32e0o/t4b71sg7slon,1
https://secure-twitter-login.cf/fq09bm/h06cf93,1
https://blog.netflix.org/u5tz,0
https://paypal.org/z3i,0
https://app.instagram.ai/login,0
http://bit.ly/js8w7g,1
http://bit.ly/omn31x,1
http://bit.ly/6u3xc8,1
http://netflix.com.verify-secure.ru/mvjt/zgui/6ss,1
https://api.instagram.io/zbtgr6n/qfv5klwgm8c/bqhm2zkutrm,0
http://microsoft-secure-login.xyz/eoc,1
https://www.facebook.in/t9apgas0rxt,0
https://api.apple.io,0
http://bit.ly/j8lc88,1
https://secure-netflix-login.top/lycfjr6znr/tufr8tcrge,1
https://www.facebook.org/fahbb5re0n,0
http://61.154.163.137/login,1
https://api.paypal.co,0
https://blog.amazon.dev/l6es6a/woxhnno6aow2/er6c4r8rg,0
https://secure-microsoft-login.xyz/,1
https://app.netflix.org/y0kr/0u6z07ic,0
https://app.apple.co/ciw04,0
https://api.netflix.net/2ovhquy/u6b2zyqyuce/fh4y9h6x,0
http://140.206.97.166/login,1
https://secure-instagram-login.info/j23tfu5,1
https://app.microsoft.org/24cnu6ukicai/hdun3tnh1,0
http://claari.io/1134e14a0%2Ff9a1,1
http://aplle-secure-login.ml/,1
http://80.183.105.13/login,1
http://apple.com.verify-login.cf/jtcgwpuma/rctm/vz503n,1
https://secure-netflix-login.ga/kvrjqaswo442/zquzg0c10,1
http://bbjklnhw.dev/2f2d87%2F65597%2F031b848274%2F9e738%2F92eb,1
https://www.apple.net/77i4/qub9z0qm4l,0
http://i5l8a6ram-secure-login.biz/qzlxzsn8gv9/5vtq4x,1
http://paypa5-secure-login.ga/g5hlp7e,1
http://okyqduipj.site/c1c8704b%2F695f,1
http://bit.ly/yeatwc,1
https://twitter.org/aa5a1x,0
https://api.twitter.net/y02z/3jfuk/peljbtso,0
http://32.57.68.239/login,1
http://wyxqzovs.top/b5d7%2F6bf9345bd0%2Fb4863c5%2F6edd%2F37626a32c%2F8120,1
https://api.netflix.org/btwiz6b659p/id5hogp,0
http://amaz48-secure-login.ml/p7vedztsgr11/gxirriaupto,1
https://secure-apple-login.xyz/,1
https://api.instagram.io,0
http://bit.ly/kv0rjx,1
http://paypal-secure-login.cf/,1
https://instagram.dev/7nm1j,0
http://bit.ly/fpr99i,1
https://secure-netflix-login.info/,1
https://www.facebook.io/0w6q,0
http://microsoft.com.verify-secure.cf/6zxnmrtjz72/w00v3gye6/ugo3hrcsw,1
https://app.microsoft.com,0
https://www.microsoft.io/m3jwhbzm/vgb8d7wzj73k,0
http://netflix.com.verify-secure.xyz/8os73zz/97ur2o1tj97/menjicbubzcg,1
https://www.twitter.in/08e360jz9nl/05lze/5nzzzz5a,0
http://facebo25-secure-login.info/9iy45d/2eibvqjywyt9/ur7933y8r,1
https://www.instagram.com,0
https://paypal.io,0
https://www.twitter.co/pjc5zbyltp/9kmlmcfdd/keezs0,0
https://www.amazon.co/gxhm9mis/nq0hl1,0
https://www.apple.in/login,0
http://a8p4e-secure-login.site/k6k/ejeqzog,1
https://google.co/7y43nwxaklq/arc9qozo2se,0
https://amazon.ai/hnkrohdi05sw/fghk/xb9jtmw011,0
https://secure-instagram-login.ru/0drenvnuc,1
http://aoyvhwbuoya.tk/23f60%2F0343481f50%2F875d111cd%2Fb79b5dd,1
http://a9pl9-secure-login.site/pj07hwfg1o9,1
http://bit.ly/omjqa8,1
http://13.151.194.132/login,1
http://tjxeagefi.ml/3b4d0126%2F10d55f0ea0%2F91826e,1
http://micr1soft-secure-login.top/t5f02tv/dwyjl2mauf/5662x0,1
http://paypal-secure-login.info/b3x3c95/we0n761tk20g,1
http://twit0er-secure-login.tk/,1
https://www.amazon.io,0
http://pjodeytjywl.top/f52e329%2Fdb3e6fb,1
https://app.apple.ai/htgi1rrms/0qq,0
https://blog.instagram.com/vwatiil3x01o/0ds0jps,0
https://secure-amazon-login.ml/,1
http://pdgbun.tk/8db097%2F343cd2c9%2Fb911b4b%2Fcc12%2F1dc762,1
https://blog.amazon.dev/5owu0ese,0
https://blog.facebook.com/7kq0j1,0
https://secure-apple-login.info/vcns2c,1
http://google-secure-login.site/cajisb/dkatb630fbj1,1
https://google.co,0
http://microsoft.com.verify-secure.tk/uwaowshdtjpw,1
http://103.188.76.43/login,1
https://blog.microsoft.ai/login,0
https://api.instagram.ai/login,0
https://secure-instagram-login.tk/,1
https://www.amazon.net/1wziqi8mi,0
http://doetqub.com/0b07370e9%2Fb0d2460b%2F3e145%2Fef18%2Fe3c4f7,1
https://blog.netflix.dev,0
http://microsoft.com.verify-account.info/td23ez7uo/2v136b,1
http://google.com.verify-secure.ml/ko6/lagx4mtx74/4v6osjzr68a,1
https://secure-google-login.info/5fg45mu0if/k5qqs1uq,1
https://api.google.dev/03oh21/xicw2gs/7ej22mtd5ny,0
https://app.amazon.com/bfxuyiwzkck,0
http://116.139.48.16/login,1
http://170.43.16.236/login,1
https://www.microsoft.co/dgjegp36n/9m2ep7vu,0
https://secure-instagram-login.biz/,1
https://blog.apple.in/204ow4g/v1vip/k7d3iuw9myrv,0
http://bit.ly/01f5ng,1
https://blog.paypal.com/vba,0
https://api.netflix.in/5w0,0
http://xozfatawdkj.top/e429%2F74632748db%2Fbfd7a1,1
https://secure-facebook-login.top/ytcwmwaut1wf/yyg,1
https://app.netflix.net/0m7jzxb2zoyx/ncd/a72ikh23fz,0
https://google.org/z0i/qnitol5q8/96d7f38xdu9,0
https://app.apple.ai/w6lt6ax2/n0mv5ki5w/hc4xt1oxw98,0
https://www.instagram.in/4p3ms5ros/h14,0
http://91.242.21.203/login,1
https://www.amazon.dev/nbug3fjf0gn6/7em0bke/qbvc4vq,0
https://blog.google.dev,0
http://bit.ly/ikpmvq,1
https://www.netflix.dev/etphlzp76tx7/uxfw9xv/m5yn5xc0c,0
http://uzmgpqhkxew.in/f7adf8%2F47105a7,1
https://paypal.org/zve3d7tvd/0ke41llba0ej/dvj44,0
http://57.31.236.196/login,1
https://www.paypal.ai/4dix3agxsmep/xkm/6w885,0
http://googl9-secure-login.ga/,1
https://app.instagram.co/ror/xxxyosb1ad/qky6q8sqjur,0
http://google.com.verify-account.ru/hr6065nwg,1
http://twitter.com.verify-account.ru/5a1ox/qsvnn/a7d50f63m31,1
http://microsoft.com.verify-account.site/,1
https://secure-facebook-login.info/m1o4k2/d88e6t/f4i37w2vmhxb,1
https://app.instagram.io/89f1/wndrdfb4le,0
http://bit.ly/evtdoy,1
http://mdmojo.biz/db7bc10f%2F6341cd%2F079ee%2Fae531%2Fcf0840f2e9,1
http://100.54.167.215/login,1
http://2o4gle-secure-login.top/qhiqe6ym1u/27nv1hy9p0,1
https://www.google.ai/zeb4s49kn2/hn9ovwml,0
https://app.paypal.io/aewnocmqw/kjo8pv9o/qzs7vs,0
https://blog.microsoft.com/6vi4z,0
https://api.twitter.in/frypk8d5egj/8nzoifpx2td,0
https://app.google.net/wb463oglp/ou90pv/a955lhxw2952,0
http://twitter-secure-login.site/y4b2nt2krd/bjkkihxu63kt,1
http://netflix-secure-login.xyz/6btzdnsxqp/mhy,1
https://twitter.in/el3xhvcvoywx,0
https://blog.twitter.io/cwn65eo3yejl/d0tzkms922/17treb5yls,0
http://facebook.com.verify-secure.site/12dbljc9rpbq,1
https://secure-google-login.cf/tfda7gvcfc8d/xg5ca0h1mth6,1
https://blog.facebook.net/kq1351u4o/ubyyi/o5kaku8,0
https://twitter.net,0
https://api.apple.org/login,0
https://netflix.net,0
https://amazon.in/6gi/vefh/xp84d1u,0
http://154.165.22.216/login,1
http://111.146.108.87/login,1
https://blog.netflix.in/fjzlj3mvn2/3k4/9apg0xjlgq4x,0
https://www.apple.ai,0
http://nsulfdxc.xyz/78dbfa275%2Fb374939758%2Fafc2,1
http://netflix-secure-login.ga/0yw/udz,1
http://rxwnuiod.site/9646d1915d%2Fab7431%2Fab95%2F75e144f8,1
https://api.paypal.net/q9tuxsqjn,0
https://www.instagram.net/login,0
http://dfknpb.net/876f09f156%2Fafd76fb0b%2Fc63ba5,1
http://84.197.167.250/login,1
http://facebook.com.verify-login.ru/333/hujbz5a10/ogm7w2m,1
https://instagram.ai/a2i,0
http://rigconczbhbz.ml/7283%2Fbf0e751b3,1
https://secure-instagram-login.ga/0050h8bad/4owzdmkbv,1
https://google.org/17bts5m0ftxz,0
https://blog.instagram.co/dpeumkerx7,0
https://facebook.dev,0
http://facebook.com.verify-login.tk/,1
http://paypal-secure-login.ru/,1
https://twitter.ai/uhr/2pnm0,0
https://app.facebook.ai/login,0
https://api.twitter.org/vjhfm41l/hn8h7fbq1/v1i,0
https://api.twitter.com/tvha2nn/etof4/lqalr9azy,0
https://netflix.net,0
http://facebook-secure-login.cf/0a7dl73py50h/foqalagv7e/0mtcc,1
http://netflix.com.verify-account.ml/ncrzx,1
https://www.facebook.io/ouhk007b,0
http://1witter-secure-login.ml/,1
http://bit.ly/wkwk6d,1
https://www.microsoft.org/bl5a89stm/6cyvg8gnqtid,0
https://app.facebook.io,0
https://www.amazon.com,0
http://paypal.com.verify-login.ml/kh0y6u0szgv/ezus5unqr1,1
https://blog.facebook.ai/gzxep20r2/gvan38,0
http://bit.ly/o22nze,1
https://amazon.in/login,0
http://hdfhqkjmfnl.ru/4ee996c8%2F31a63a4c7%2F1a785dbc11%2Fce33a129%2F13c4c46%2F5ed0137,1
https://api.facebook.dev/6ajq,0
https://app.amazon.org,0
https://apple.org/h1fa6f4x2kh2,0
https://www.amazon.io,0
http://22.13.198.114/login,1
https://www.google.org/c4tkz/cm5o/d35svz,0
https://amazon.in/wucp3a,0
https://blog.amazon.ai/fclpx/oz0/q8c66gciklw,0
https://www.paypal.dev/7uym/bs6hgqe,0
https://instagram.co/94vtqqcz/jl1qbq8kce9o,0
http://bit.ly/x2dqov,1
http://6e9f2ix-secure-login.tk/3gc/cbpn7q,1
https://www.amazon.co/xjcnfu798t/ul7,0
https://blog.twitter.org,0
https://netflix.ai/ac2eg,0
https://app.apple.dev/ffujt/9r29bjb/am8wzrys204,0
http://bit.ly/q2a4lm,1
https://api.twitter.ai/bl7s/csske,0
http://179.101.86.246/login,1
http://bit.ly/fkpepk,1
https://secure-twitter-login.xyz/,1
https://blog.google.com/2ww4ewl41/mvqp41is7/eqkb8,0
https://facebook.co/tufy12hn8x/iybzstedve9/3p2zf,0
https://www.instagram.ai/77pf5ag/1amr7k/4cvmue,0
http://31.205.244.72/login,1
https://amazon.net/jmhqzhej1kc/w45wka2knv6/6m3hk4k,0
http://bit.ly/2k753b,1
https://app.amazon.com/ulk7,0
https://api.paypal.in/8ydhhojm,0
https://app.instagram.net,0
http://heamfk.org/4645e0335%2Fdd75%2F309866%2F73f165fffc,1
http://bdohar.ml/7d7d1fe3%2F57b62432,1
http://google.com.verify-login.xyz/st7udsk/t6n7vqit,1
http://135.110.74.185/login,1
https://api.microsoft.co,0
http://flronwdkdpa.xyz/08abdf%2F49cad1411%2Fff732d012c%2F7a4a81b0%2F2d03%2Ff859f,1
https://www.instagram.in/ztc,0
https://www.apple.net/tj8u/eu5v59g,0
https://api.paypal.org/login,0
https://blog.apple.com/wkv4s9cim/mrax,0
http://dlrajs.xyz/6e55%2F0bab0ea71a%2Fdce80e,1
http://pizmtydvuq.info/fa1df7bcde%2F6bbb92%2Fb7201f8%2Fe689d91ea%2F49286fa,1
http://instagram.com.verify-secure.ga/4jgtny5hgm/oaqneuhu2/r5a1t,1
http://facebook-secure-login.ml/o0h,1
http://bit.ly/9h8ggv,1
https://secure-instagram-login.site/,1
https://blog.amazon.co,0
https://apple.com/ke3mkzf7qmp7/hgk899yi6,0
http://amazon.com.verify-secure.cf/uqw/831taruvj,1
http://143.122.247.247/login,1
http://go7gle-secure-login.tk/c6pzn/nj8qdj85cf/2fa33rv54,1
https://amazon.ai/vcgorc,0
https://microsoft.com/datmrs/iouk/y373qvt,0
http://110.109.84.186/login,1
http://189.178.240.250/login,1
http://apple-secure-login.xyz/,1
https://app.google.co,0
http://bzupogikunk.biz/7c47%2F21fabb8%2F9f56543%2F5b11815b1,1
http://nusxrofr.xyz/79335331c%2F45dd%2Fa59c15ac,1
http://app1e-secure-login.xyz/ii60cr46ur/2mze9zol/vxw,1
http://t2itter-secure-login.biz/,1
http://tnqxuj.site/93dfb74ca2%2Fa18aa1%2F94fd4ef1%2F49a20cdd3%2F39cc1de3f,1
https://app.apple.org/e0pr4z38y,0
http://bit.ly/rr28fi,1
https://google.org/jpotl,0
https://blog.amazon.in/geylypsv,0
http://instagram-secure-login.xyz/6o8yvt5q,1
https://instagram.net/iina7hwhgjam,0
https://www.instagram.io/vpmlhior117k/sbrghfgbp9/jcmt,0
http://facebook.com.verify-account.site/9ijkl,1
https://api.netflix.io/0i50zhkx,0
http://facebook.com.verify-account.ml/2z0i4xp/h7zkr4zwv,1
http://bit.ly/uus0fd,1
https://www.facebook.co/0ehe1hq8u/4fe7rnucbh,0
https://www.twitter.co/hst4u,0
http://instagram.com.verify-account.xyz/,1
https://microsoft.net/oof5/o9dekn78,0
http://bit.ly/4h9l6t,1
https://apple.io/11se6asa/sdon2/d8kv497t4v2,0
https://instagram.org,0
http://amazon.com.verify-secure.site/y0kks4/cr5l5wm,1
https://www.twitter.ai/msoh9isq/7sn0v93oke,0
https://blog.google.dev/i3uf2flbzb/8nw5ig4ce/1w0zd,0
https://api.twitter.net/yz3bujwjc78g/fw9s5v27r4s/9xh8s,0
http://n3tflix-secure-login.ru/,1
https://google.io,0
https://app.twitter.ai/9rt/e0lh4jneya,0
http://166.49.113.188/login,1
http://icmawpi.ml/e19bccd0f%2F238a8922%2Fea6e%2Fa05f1780af%2F6bba5b3,1
https://www.apple.org/ebgtg84hbz3,0
http://twitter-secure-login.cf/e19/fpa,1
https://blog.amazon.co/iaew23/zf9mzb2a/98ftbfga3,0
http://98.110.191.155/login,1
http://instagram.com.verify-login.ml/l9usl/zjnuot33rl,1
https://secure-apple-login.xyz/e18kuxt79/yj92fi/ucx,1
https://blog.paypal.net,0
https://microsoft.net/bknerks,0
https://app.apple.co/eodkl,0
https://app.twitter.net/pvrfkh7rp9eq/dw2ixhn/3urpc85ct0i,0
http://instagram.com.verify-account.biz/,1
https://facebook.dev/8h8c/dbwq60lzx/oafb,0
https://blog.netflix.ai/5hk/raj,0
http://apple.com.verify-secure.ml/,1
https://blog.amazon.dev,0
https://app.microsoft.net/vdgi1ivzpa6b/6znaroz8hhjw/hzwyvip1,0
http://goo4le-secure-login.xyz/twuv6/jxb,1
https://app.google.dev/login,0
http://amazo3-secure-login.ga/ckr8nny6/338fdpt7gxr/lyxfm,1
http://mfivym.dev/621adba1a%2F14e25c04%2Fe023aee0a0%2F9036431a5d%2F992de%2F1ebe08,1
http://lxnyucitebtm.biz/aa64d%2F86c25b8afa%2Ff68915f8e%2Ff9e1%2F29d91b74%2F7f2462,1
http://jaingiycrhku.cf/fd74d3%2F53a41c%2F18fb09%2F6596dd8%2Fedf57d442%2F9c8a868d,1
https://www.paypal.io/0lsvbi1dhy2p/aw443ydy,0
https://apple.org/cioz4fsg6,0
http://nelflix-secure-login.cf/ymjx30n/zbvm/6wdzcl,1
https://paypal.io/pzryn16ik6fl/ixh14,0
http://bit.ly/tfei2p,1
https://app.apple.com,0
http://appl8-secure-login.tk/0pddl4g,1
http://bit.ly/gqlznh,1
http://142.213.28.225/login,1
https://blog.google.co/gccceapq1wrj/1njm7vzan/bxh4xa2y3,0
https://www.amazon.in,0
https://blog.apple.in,0
https://www.google.dev/5xch3aogysi8,0
http://micro3oft-secure-login.biz/zlyj5mha1inl/dt3j,1
https://app.twitter.co/kzfynn1eqn,0
https://netflix.com/1dnac8amlnpl/dmn24zuqrtj,0
http://bit.ly/vyvvo3,1
http://paypal.com.verify-account.ml/7jtpf/yzbn4yb2me,1
http://46.54.27.194/login,1
https://www.paypal.co,0
http://amazon-secure-login.ru/kpds28s,1
https://api.amazon.in/886o/c0saf,0
http://microsoft.com.verify-account.tk/azybh9a6zw3s,1
https://blog.apple.com/d9m4se/2srolmf/9dmi2cv9,0
https://blog.amazon.org/0wz7ff2/2j1kl,0
http://netflix.com.verify-login.xyz/,1
http://bit.ly/19rjee,1
https://app.facebook.ai/btfxkzjxvd,0
https://www.amazon.net/wg3snazloiea,0
https://api.amazon.ai/dykib4ph/nzota27b5l/lnbcl9dq,0
https://twitter.io/v4almgvqc,0
https://blog.paypal.org/lmhqo3vfzt/fl91d87gbq1,0
https://blog.facebook.io/cos5/ta78dj/qaay,0
https://app.microsoft.io,0
http://apple-secure-login.info/,1
https://www.facebook.co/ilyc2nlqnu/mnx0u8/1wvlmo6v0,0
http://72.213.112.135/login,1
http://119.18.209.105/login,1
https://app.instagram.in/itschsqqiix/ceqb9ocz4a,0
https://api.netflix.net,0
http://69.232.49.183/login,1
https://api.paypal.dev/hdyngp/jt4169042xn,0
https://secure-amazon-login.info/qwsr8/njgh2fd3u9yz,1
https://app.twitter.net/2qucw,0
http://ins4agram-secure-login.xyz/,1
https://twitter.ai/jmmp3t8dx5/8112k8hpc2cb,0
http://amazon.com.verify-account.ga/,1
http://uqwdeyy.net/5557314%2F4d0d97bba7%2F06a82fc8f5%2Fa12ae93664%2F929163ba%2F76ef7dca1,1
http://vegmvre.ai/18d18b8b0%2Fd991%2Fce79e%2Fb643328%2Fe55a,1
https://api.google.com/857ej1/gck6re26,0
https://blog.twitter.org/lbp9t1g6cfhx,0
http://bit.ly/1z48o9,1
https://www.amazon.in/7il5z3ab5j/1ek4778y/j3aant5v68j,0
http://paypal.com.verify-account.site/3iyi2s8/azjshpzo7/49gwgntmbfj,1
http://108.105.171.204/login,1
http://iogvmjs.com/2f9f5ed5%2F2a115d90%2F88e31e09b,1
https://netflix.io/tornihfw0u/n9o7,0
https://amazon.com/1xfw,0
https://amazon.org/z5w69x1evfa,0
https://instagram.net/9mzrax9leq/ap285kn8ua,0
http://36.0.182.212/login,1
https://app.instagram.dev/login,0
https://secure-facebook-login.site/70nusy/sbaudvd26fq9/3alrox9bv0,1
http://24.86.219.16/login,1
https://twitter.com,0
http://bit.ly/yi0pwl,1
https://api.twitter.com/login,0
http://bit.ly/jukpod,1
https://secure-facebook-login.site/gsdkt1/yav5trkb7sv,1
http://ozplftsa.tk/a09c%2F97113%2Ff1dce4d9%2F68c8b0a7%2F2f2a%2Fe7f80f9,1
http://sswjfcplwqwg.xyz/7ce4%2F9c4b56bdf8%2F5417fd0%2F6eac%2Fdb0233dfc%2Fda690,1
http://netfl9x-secure-login.top/g4xxvqvfmkl6/gfv/u9sbluw3ne,1
http://google-secure-login.site/jhryjpn7k8/4ovzo/75qmvhv5rp15,1
http://bit.ly/s6re6p,1
https://google.net/f0p/1kdu/80pjace4,0
http://instagram.com.verify-account.tk/,1
http://bit.ly/4in3u2,1
http://bit.ly/n0964s,1
https://instagram.net,0
https://www.microsoft.com,0
http://vvwkgnjjx.ru/0dfda2d8%2F5291%2Fd4179d2,1
https://api.apple.ai/ky0s5stuvn,0
https://blog.instagram.com/grtzwp/cjjrm4im5w0,0
http://axywywmemr.xyz/964658e67%2Fc10e3%2Fbd38e,1
http://ewwtzostja.ga/ca21925b%2Ff64846e,1
http://tnsrrghpvw.ru/a6aa0e%2Fadae872f%2Fdc5c%2F464373baa5%2F8458664af2%2F2ee1811f2f,1
http://g1ogle-secure-login.info/,1
http://bit.ly/mz34xh,1
http://bit.ly/anaafp,1
http://bit.ly/kedbdt,1
http://72.187.8.164/login,1
http://google.com.verify-secure.cf/wxz9dxq7ufn,1
http://xrbrgc.dev/a290dd3%2F86db7b56%2Fd6e3%2Ff75a99%2F2e5b%2F2c1cf574f5,1
https://amazon.ai/cjd5vhe,0
https://netflix.org/7rz1/ei93s/katny67cn9,0
https://api.amazon.org,0
http://suxksewg.com/2e55c44%2F5f10bafb%2F89241,1
https://app.google.ai,0
https://api.instagram.com,0
https://www.amazon.dev/jbc77/93lzg7,0
http://microsoft-secure-login.top/ix7tvo9/9ch22vof,1
https://app.facebook.co/login,0
https://app.facebook.org/r2lcwqye,0
https://secure-facebook-login.site/,1
http://mqlrbhn.tk/14b5a%2F88b11%2F88149eb8%2F9fcc525%2Fc578c00dff,1
http://vgsqkiuyrdu.cf/04fd8a48%2F84af395cd4,1
https://www.instagram.in/rc617p108tci/3gobe1hri9,0
https://app.netflix.ai/gslgdpo81rtz,0
https://app.paypal.org/ze2pe/6p2v,0
https://app.apple.io/9tv8k0x5jsvq,0
https://google.org/login,0
http://paypal-secure-login.biz/5i6524ypfw/k9hg/dnhub0rh,1
https://microsoft.io/1z5d9w8/au3a7yrd/r44a,0
https://paypal.ai/mcmig6t,0
http://196.8.219.248/login,1
http://bit.ly/dx71da,1
https://app.apple.com/mulygx/8ionuc8,0
http://43.18.71.234/login,1
http://91.50.247.192/login,1
https://api.amazon.in/0hnfuihw/u2w3g6pho,0
https://app.apple.org/n3x/0mbsqw,0
https://api.instagram.co/x89/y3lj,0
https://www.amazon.org/2jfw/jj4t7acmzyk/j3g0rv8nlly,0
https://app.instagram.dev/2rcmb7uqdq2h/k5pgzbhrc3iy,0
http://bit.ly/tb551d,1
http://tpilvm.ai/fea008%2Fc6e6449%2Ff40889e%2F2012d82%2F5221b8db6%2F86e0,1
https://twitter.com/gf45sz6vvn1y/5zf422db/qhg7y57e1,0
https://www.google.dev,0
http://facebook.com.verify-secure.ml/,1
http://loguknl.top/de9f7f9%2F0eee%2Ffd111f,1
http://paypal-secure-login.xyz/r7x8s8l,1
http://instagr9m-secure-login.ru/,1
https://www.microsoft.ai/i7j2,0
https://app.facebook.ai/t684r/sb76lp,0
http://instagra1-secure-login.site/r3a7w52et,1
https://app.google.in/s49,0
https://app.netflix.io/d6ii6k8186,0
https://google.com/1xq42r37h3c,0
https://secure-google-login.biz/8lpwsepohe/cdl9yi87l3,1
http://micro3oft-secure-login.top/i74w,1
https://secure-apple-login.tk/3cld,1
http://instagram-secure-login.cf/,1
https://app.amazon.io,0
http://128.105.216.210/login,1
https://microsoft.in/ggzi6q/v56zcw,0
http://google.com.verify-secure.cf/h2di,1
https://blog.apple.org/login,0
https://www.amazon.dev/53ug2jc7oq/scnfjrgudlk,0
https://www.apple.org/i4pgetiut12/uftmwx9p3q/e25ph15bdxko,0
http://2acebook-secure-login.ga/noq5r5/xzsfnerusnr/0klfyk,1
https://app.twitter.net/555l,0
https://www.paypal.com/r68kqxyew6mb/wdbla7o7fd16,0
http://fuswfs.dev/9732000%2Ff50d9f%2Fdf2e0%2Fdffc1b71%2Fd37812529c,1
http://bit.ly/pi1ge6,1
http://paypal-secure-login.xyz/q9o/740hoq/zjv71t,1
https://api.twitter.net/unm83oibk,0
https://secure-facebook-login.ru/us6/i8hhzk/srnpu2,1
https://api.instagram.dev/970vx4dq,0
http://148.161.84.10/login,1
http://61.144.214.186/login,1
http://bit.ly/hqr9p8,1
https://www.microsoft.ai/aa8q9ck1t/68htrwkl45ha/z3nfjcypap4y,0
https://blog.google.net/33z53yghjj8,0
https://blog.google.com/yyw0vlj/nhtc/xcsgs,0
http://le8flix-secure-login.ga/k3ktrmp/650dddq/nldjna7sejs,1
https://blog.apple.ai/kvk,0
https://amazon.dev/b2rxk/u8cn2iakxw3/hv3kz,0
http://facebook.com.verify-secure.site/pfhacbb,1
http://76.174.229.253/login,1
https://secure-paypal-login.ga/et7e41j,1
http://91.196.202.155/login,1
http://67.108.76.190/login,1
https://google.net/login,0
http://facebook-secure-login.cf/,1
https://api.amazon.io/5cq16n132y,0
http://mneykywkml.xyz/563dd19%2F4ba0%2F5a8364b%2Fe4c62c88%2Fafcc841,1
http://kmlalgtqpmv.ru/ce3a9511%2F016e9f5fc9%2F5a6a%2Fe537c47a%2F70c8%2Fa8e9135,1
https://google.io/sxjfajgbxm/nle7wo2mr4/lafodlf9p5,0
https://www.facebook.org/axat0pv21d0,0
https://secure-google-login.top/iguozcft/h7w4x73idyk1/kyr803ncbj67,1
https://blog.paypal.net/ioo,0
https://app.microsoft.dev/jyw2fz35054/0aushj,0
https://amazon.net,0
https://secure-netflix-login.top/lgv3,1
http://paypal-secure-login.ga/65pruv3a,1
https://blog.facebook.co/rom0i,0
http://81.214.37.138/login,1
http://vfryouamcxay.top/3d41854111%2F246865%2F4efb13392%2F5ded670%2F4d1370814f%2F029e9f5d4,1
http://netflix-secure-login.biz/5gu74s/ikyd4g,1
https://blog.apple.in/kn2dq8/czeqss5yr/mfflc3egzz,0
https://www.twitter.io,0
http://apple.com.verify-account.xyz/upx8/anzu4sp4ww/a2rjsv7l,1
http://facebook-secure-login.ru/9h8x0x6uq1p/qesuxyeg6b3r/5qkff1ajvxej,1
https://twitter.in/66u,0
https://www.apple.ai/login,0
http://mbzsqd.co/12dd8f099%2Fb13768a27%2Fcb6f%2F57fc01c5c5%2F80b727cb8d%2F2f36bce,1
https://app.instagram.io,0
http://amazon.com.verify-login.top/,1
https://www.netflix.ai/7a8f6skz/hai,0
https://www.paypal.net/y1ewapuzyi7/20o1/ct3j2lnf2mcf,0
http://offbblkmc.co/d8a8429e15%2F95342d%2F1f8a0,1
https://api.microsoft.com/4m00olxcnift/i0l63h,0
https://www.amazon.com/login,0
https://secure-instagram-login.xyz/,1
http://uotyyqjzq.cf/0908%2Ff8b1%2F6745c6d04,1
http://kjrtvz.xyz/e7db70%2F0b90cb74b%2Fdcab76304%2F31945ad7e1%2Fceab%2Fd86df5df,1
http://59.13.80.225/login,1
https://www.microsoft.com/ycc/29g9r3jdv,0
http://zhakaywpenw.com/da3ec33%2F396d%2F571886b%2F6e9894dbbf%2F0e1ebc1%2F65e25e39,1
http://apple.com.verify-account.top/,1
https://app.facebook.net/1mbh3fi9jnj/dg8qgi/g3pddf2j,0
http://m7crosoft-secure-login.xyz/p535g96i9tct,1
https://blog.amazon.net/5qnduj3w/u8tsf/wn4cntf29n,0
https://blog.facebook.in/iw8l2p3k3i,0
https://app.paypal.co,0
https://www.microsoft.co/9defskds/65tkd2hjl4x,0
http://netflix.com.verify-account.site/,1
http://70.30.223.146/login,1
https://api.microsoft.dev/dda7l8ak900v,0
https://app.facebook.co/xuk/oy040/ffqbrw2vf0qf,0
https://api.paypal.in/1m1m1us,0
https://twitter.com/fadrk5is6o9,0
https://app.paypal.in/cx38mhu/6rdepx/zzjce,0
https://blog.netflix.co/e54u6p0fu3n/kg8pzysja,0
https://www.google.org/8t5b/nl3jdro/gitg5,0
http://twitter-secure-login.site/,1
https://amazon.io/xj8ai/ihx5xrpmnz,0
http://gzqskwzst.net/6e271d%2Fc844f6%2F3874c7,1
https://api.instagram.ai/wbca/u0yeqefcdv,0
https://secure-amazon-login.site/,1
https://google.org/d1rgooh4/todukjebuqw,0
https://instagram.net/hv7iim,0
https://microsoft.in/login,0
https://app.google.dev/w5wz773ks04/g4p/wou781,0
https://secure-paypal-login.xyz/9huapoq/yvekwnwa0n5/fv98475h2u7u,1
https://api.apple.io/c67dv83s7/hgwztwbb4e/a6sxt5cd,0
https://api.facebook.in,0
http://avcndeiydo.tk/cd0bf%2Faf5da3651%2Fcebf35a4%2Fe5bb964%2F9bab%2F324bec31,1
https://app.instagram.in/p1xvijck40ne/eel2e/hfb674ofd,0
https://blog.netflix.io/jtrd82knh/4vnfe4np5/4gqctv,0
https://secure-microsoft-login.ml/x9qcs6wkn7py/50dbtgz1l,1
http://21.23.139.183/login,1
http://go1gle-secure-login.biz/esiiwp7/74v3btn,1
http://14.78.176.64/login,1
https://google.co/th8n4/8d5t,0
https://blog.paypal.co/hkggfv3nm,0
https://secure-netflix-login.ru/yrv88msw720/o4g1qc999w,1
http://86.105.2.85/login,1
http://bit.ly/fkg1z8,1
https://blog.apple.co/bh6g,0
http://microsoft.com.verify-secure.ml/3ixqqp,1
http://paypal.com.verify-account.site/,1
https://api.microsoft.org/gte7/p483xxr0/52mgkg,0
https://api.netflix.dev/6ltk1411u/wrdt75d3,0
https://secure-instagram-login.ru/96ftt2xx9g/mozqdn8m4io,1
https://api.paypal.co/dv48b/h14ysf/ag9xa4i,0
https://api.microsoft.net/login,0
http://facebook.com.verify-login.ga/1ria68e62/66rpdbtmzv2v/eryebco3,1
http://apple-secure-login.info/ym7hsvkwxxlo,1
http://google-secure-login.ga/,1
https://api.netflix.in/t72q/hoz96mv4,0
http://lxfskqbu.info/95aba0f%2F1c2f35%2F17d10e4,1
http://apple-secure-login.tk/nbtgm0u/np3v6mqqg,1
http://apple.com.verify-secure.ru/l9ohc7x6e/uhnubmi,1
https://netflix.net/m3cv3joyeh/jrpz9dy6,0
https://app.facebook.ai/dc7ao4wth,0
https://www.amazon.ai/7wc0b5vbe/hpcvtv,0
http://bit.ly/tpivta,1
https://app.google.net/dyboibnl,0
http://bit.ly/b7hrwl,1
https://blog.twitter.net/qtag/inw1du8,0
https://app.instagram.ai/r0rausj9,0
https://secure-amazon-login.cf/yt5ot/xf2/s8pzyvp,1
https://secure-netflix-login.biz/pgtnylcha/fu96gy8xu0r/79ktpqehanch,1
https://api.amazon.io,0
http://23.210.0.171/login,1
http://paypal.com.verify-secure.top/nhv3o4c,1
http://pay7a1-secure-login.site/gzarpckuf8js,1
https://paypal.net,0
http://n6t3lix-secure-login.ru/azzv13brmgpy/a2n891,1
https://secure-microsoft-login.ru/o545q4yh00p,1
http://bit.ly/ma4mjy,1
http://facebook-secure-login.cf/,1
https://secure-google-login.site/he7er7/degg5al4r/6r079d1h,1
https://api.facebook.net/5tr/tprucgo2jqql/82zyfj7,0
http://ltyehlmx.info/f4456ed%2F890808%2Febe72d,1
https://api.facebook.net/ijethypg/qgkf,0
https://blog.google.dev/bpdymlqsuh/wv82gutxv/4ksz5,0
https://netflix.co/a052idu/ztf,0
https://api.twitter.org/nocc65lx,0
https://netflix.in/yszmtro7kt,0
http://195.89.182.58/login,1
http://bit.ly/roe4ih,1
https://blog.google.dev/login,0
https://www.twitter.dev/2hh/1pk5lyowb/um4,0
https://app.amazon.in/ty2iks,0
http://ldvuhhitq.info/a4c1f8e%2Fba2054a9f7%2Fa49ce3198%2Ff0ab%2F8c60db,1
http://bit.ly/1aai7u,1
http://wwpzkdkcthba.net/0e9fe10%2F6889d%2Fc58a%2Fa7f6b8f7,1
https://google.org/u0uyvdqk35/ovf7i,0
http://twitter.com.verify-account.xyz/1js8rq5gv/4jhms81sh2/mlb63g,1
https://blog.amazon.net/ywuq7ekz/oyyw4m30,0
https://apple.ai,0
https://api.facebook.dev,0
https://blog.instagram.dev/login,0
https://app.instagram.io/iyt,0
http://bit.ly/t56rgw,1
https://secure-amazon-login.top/,1
https://blog.facebook.net/20q17xakt6/7qd3s92k/6d3z40c4rmf,0
https://instagram.io/8e2xpv4/c6utz08k,0
https://app.google.ai/x8hh1/ngl8ptpcefb2/29njafsl0,0
https://api.google.org/login,0
https://secure-apple-login.info/m5yva7src,1
https://secure-microsoft-login.top/5awd880,1
https://api.apple.com/yefspc/ih8xrswis3,0
http://apple.com.verify-login.cf/1domfrm8zk/c9fpogqp/xjwbbdk,1
https://app.instagram.org/p0j4pdj/2wi4jdmb/zxjarwg,0
http://bit.ly/gj5vk2,1
https://www.amazon.org,0
http://bit.ly/h447i0,1
http://netf8ix-secure-login.tk/m1wqlqi,1
http://bit.ly/fzjwta,1
https://google.in/ci3aisl/oaqfiqzs5e,0
http://157.164.98.88/login,1
https://www.amazon.org,0
http://bit.ly/un5nd3,1
http://bit.ly/7u3toh,1
http://8etflix-secure-login.biz/89lcjsn0rgcm/7r12,1
http://fdyqizfhpyup.co/270ef3043%2F156d4ad23,1
https://netflix.net,0
http://paypal-secure-login.info/g56emhf5t4/fct9/c1q,1
https://secure-paypal-login.tk/00v/dq7x3r65,1
http://rymgsvxdskua.ai/2db5%2Fa3e30914f%2F57d28%2Fb7b7b14%2Ff14b9972%2Fd203635,1
http://bit.ly/c3u9z5,1
https://google.com/heylnd6/owy/0qpb,0
http://paypal-secure-login.xyz/ipog7z3h3z/ge2itpgmt9fi/hh1qh51q,1
https://www.microsoft.org/snbdtajiek5/lcimfz7r1/gi4ynphej,0
http://bit.ly/bkq21y,1
http://bit.ly/yn0155,1
http://zelvrda.ga/ca4d90%2Ffa09%2Fad8ab%2F85cb2%2Fc2d8978%2F888b7c,1
https://blog.paypal.dev/fgph0gxak15m/zhy,0
http://bit.ly/p0xtyx,1
https://www.paypal.org/q6fqc,0
https://app.amazon.in/0xa2zojqdkwg/416,0
http://twitter.com.verify-account.tk/la04/yhu,1
https://www.paypal.org/hk6,0
https://api.paypal.org/xsp7r166dine/z27el/ts4t4jk10,0
https://blog.facebook.ai/6m5/gotwck,0
https://www.instagram.org/yvsm27hgr6/cr5fp/zh3,0
http://6aypal-secure-login.cf/,1
https://app.microsoft.com/tmzpxynhpm/bym8/bpkjdg4j56gq,0
https://www.twitter.com/login,0
http://apple.com.verify-login.biz/3rhg9/802ee/f4p2rj07,1
https://blog.twitter.in,0
http://195.72.170.93/login,1
http://instagram.com.verify-secure.tk/,1
http://gyovqf.top/6a8049%2F85315,1
http://bit.ly/zs9uux,1
https://www.apple.co/crcyqo8ltbnt/a7xdzon,0
https://paypal.com/hdvzqx3mx2x/2sdy8,0
http://amazon.com.verify-secure.site/vyfgoufyeb4o/hpmhx,1
http://128.31.201.196/login,1
https://secure-google-login.site/9nxcw/zejz/hcyy,1
http://bit.ly/yusjc4,1
https://app.google.co/jd1miv3d/jt2ykmjo7o/i6595bihe,0
http://bit.ly/g5osjv,1
https://api.paypal.in/o1klbb,0
http://bit.ly/6gh7gp,1
http://paypal.com.verify-login.cf/d3kh,1
https://blog.google.dev/lcrnd1f2p,0
http://amazon-secure-login.site/j080/x4g,1
https://api.netflix.ai/j01uo01zo/x3hswkhs7dk,0
http://fqwrrgjp.tk/68b56c%2F0903f5a%2F8ceade775%2F1a9747,1
https://www.netflix.org/fjff20/6naw,0
http://google.com.verify-account.site/761n3khd4,1
https://api.instagram.org/vjpg8pwh99it/r9neb/fed8bf,0
https://app.google.ai/login,0
https://www.apple.net/94grod84o/8rqpphk6fpa,0
http://bit.ly/qltbo2,1
https://google.dev,0
http://bit.ly/c7fh72,1
http://fac4book-secure-login.biz/,1
http://6etfiix-secure-login.info/,1
https://app.netflix.net/yhkhuyx/zt7swp0zt/kbcjuk,0
http://amazon.com.verify-secure.ml/,1
http://157.39.211.74/login,1
https://blog.paypal.io/myo4hyf9snx/yszy,0
https://www.twitter.dev/tdggsejn/qsuvn3ge7n,0
https://app.twitter.net/ksqnnq5/06bx4h0x0n,0
https://amazon.net/k3m8ld/88633j4vsp4l,0
http://hnmensfg.biz/ab9af8%2F9360816b9a%2Feeffbaea27%2Feae896a1e2%2Fcd00%2Ffe8f28c160,1
http://wzihqzzetjl.net/53c5d%2F15e202bb88%2F1decde1,1
https://paypal.org/ki7rt4c49om,0
https://app.paypal.in/login,0
https://twitter.ai/dbbxllvolx/cqg5mrj2a,0
https://secure-google-login.xyz/2df7o9a8rx1/88omo8rpw5,1
https://blog.microsoft.com,0
http://159.131.135.115/login,1
https://paypal.in/quq/bk7v/4gcp5l3hw,0
http://bit.ly/h41g14,1
https://app.amazon.co/login,0
https://www.twitter.dev/w2l602nvv4,0
https://blog.google.co/uqp4/ucj8/ajxl5pvn,0
http://netflix-secure-login.site/u5s53/6xf/p7dq,1
http://7pple-secure-login.info/v0l2f2aayewa/fpq5/yfeu2,1
https://blog.netflix.net/fnzp6e9wli6,0
http://google.com.verify-account.ga/74pxbhr9dy/tbt,1
http://amazon.com.verify-account.cf/mipxarlv1b/6fb7vzfn8g/gpryri8af,1
http://netfl2x-secure-login.tk/pmn9j0/p1c9d/wux3,1
http://vrqnhiicqbzx.ga/f536551%2F85f55d0120%2Fcfc140999d%2Feed1ab6%2Fff2a7,1
http://94.188.127.93/login,1
https://app.instagram.net/2zd2,0
http://dtlmxhpupobi.tk/dc2b%2Fac64e,1
http://twitter.com.verify-secure.biz/u9rpu25lk8p,1
https://app.instagram.dev/s6lsys,0
https://blog.amazon.in/o0kegniknqa,0
https://instagram.dev/0l0p94gcut,0
https://twitter.com/vkxdnfcgs,0
https://app.amazon.net/ev0z4vbl/cies5e,0
http://twitter.com.verify-login.tk/x7aq/0lg29mj2b3,1
http://178.158.195.32/login,1
https://secure-microsoft-login.cf/jdg/8vcecckt7d,1
https://app.microsoft.net/kgyfha,0
https://www.netflix.ai/zycv,0
http://instagram.com.verify-account.site/c6brlt2,1
https://app.facebook.co/uhb/bsd/nnpzkvtqmi,0
http://6aypal-secure-login.cf/dvzwwng2l0/gj2vfg,1
https://secure-apple-login.cf/metkk,1
https://app.facebook.net,0
https://www.twitter.net/juj7g63,0
http://116.80.8.14/login,1
https://secure-netflix-login.tk/kkij76ept6/cifunsn,1
https://app.instagram.com/bz0,0
http://53.159.180.137/login,1
https://www.facebook.co/2zosnw/q23m,0
http://microsoft.com.verify-secure.ru/rruzlwk/lgxyu9w5z,1
https://www.microsoft.in/bx93kvlou/9x3oi4g53av,0
http://bit.ly/cw7zh1,1
https://secure-netflix-login.site/mc5su741,1
http://twitter-secure-login.ru/3lmnm6/i1edzyzlbkhp/hyh9,1
https://twitter.in/f4bs,0
http://microsoft.com.verify-account.ga/hax/vzsqjq6,1
http://instagram.com.verify-secure.site/v3y6/2af/3u7,1
https://app.amazon.com/v826zvvliy/0pca95goo/hv1u7,0
https://secure-paypal-login.xyz/byfr6,1
http://106.107.180.99/login,1
https://www.twitter.org/a7pv6t5a4rds/05us3sq,0
https://www.microsoft.io,0
http://196.194.252.151/login,1
https://app.amazon.dev,0
http://instagram-secure-login.ru/p0hyo6ugg/ydxnl03y/baynaci,1
https://www.paypal.net/qkd1/xi57v/ofpegoux6u8v,0
https://paypal.org/ffilc3z3z,0
https://blog.google.com,0
https://blog.microsoft.ai/b2sbje2x/sp20tqoam,0
https://blog.google.co/login,0
https://api.apple.net/38ce/v7z1r76bkr,0
https://app.microsoft.ai/login,0
https://app.netflix.in/iuvti/y7zv3/qq13iss,0
http://99.187.233.195/login,1
https://blog.netflix.org/bc5/07k2c2o5b4l5/yzcb72dii3ww,0
https://instagram.co/k2fvdz6z1625,0
http://amazon-secure-login.cf/a8281n,1
https://api.facebook.net/2dqf8e2/dq4zdshkmf,0
https://blog.twitter.net,0
https://api.netflix.in,0
https://app.netflix.net/e10vpl9hozh/kwur0095hyd,0
http://34.17.121.212/login,1
https://api.google.org,0
http://38.6.211.129/login,1
https://www.apple.com/z2xrtuxx6t6/g79wg8g/o3z,0
https://api.instagram.in/euhxe5/htnw1lsa/kxrxj68,0
https://blog.netflix.co/5zr0uw/42t99fwtn/lds8t382cgfe,0
http://bit.ly/0bq4ff,1
https://apple.io/e2kebc/qr7ktful/5spzwppz,0
http://bit.ly/xpyord,1
http://instagram-secure-login.info/mgs97o/kyk8s34he6on,1
http://bit.ly/gdrov3,1
https://app.google.org/8osvp4/8f0dm,0
http://bit.ly/fhjt5n,1
http://amazon-secure-login.ru/w7x12j6mk0qx/k6rh13fxoj,1
https://instagram.dev/q6hcddn/zxh66bhpu/mkfkgjn,0
https://api.amazon.ai/4w920ntpff1n,0
https://blog.apple.io/xdz,0
http://apple.com.verify-account.ml/,1
https://www.netflix.dev/login,0
http://yvtseojdjoo.io/c6f24%2F0005%2F6208,1
https://app.microsoft.com/login,0
http://instagram.com.verify-secure.info/c1z18lbj0z8q,1
http://google.com.verify-account.ru/pbcngdibcf3o/6a1v/ojtso9tc,1
http://lmflrpmpr.cf/0faf%2F2bccd6d%2F85ace32614,1
http://apple.com.verify-account.site/,1
https://blog.twitter.com/68opdzmpmjd/9kyrsd0/gcotxrly88,0
https://www.google.io/fvyoma9/q1hb/nh7,0
https://app.facebook.dev/pk1w6ds4,0
https://secure-microsoft-login.ga/x0gz7f968a/5o3m,1
http://bit.ly/ersmi9,1
http://189.151.122.45/login,1
https://blog.paypal.co/q9w/nrr8/620gxvj,0
http://bit.ly/sesmhh,1
http://bit.ly/nezafz,1
http://aupwavcmu.ru/5d1969a8%2F48c7%2F269ba810%2F940fe347bc%2F730e76d3e%2F54bb,1
http://bit.ly/uggzjg,1
http://netflix.com.verify-account.ml/,1
https://blog.netflix.in/login,0
http://wkdfprvft.ai/905071397%2Fd3a5c%2Fee64%2F7f9a9,1
http://4i8roso4t-secure-login.info/,1
https://app.paypal.io/login,0
http://21.107.159.51/login,1
https://www.facebook.in/login,0
http://5ls62gram-secure-login.biz/rlgz1s3v1z7c,1
https://secure-paypal-login.info/i1wzn44vo/4zyqmcyq56ce/0q9,1
http://ypxlewp.cf/a79c%2Ff8ee7ab%2F7d34f%2F36266e3243%2Faa60f5%2F2835a,1
https://blog.facebook.ai,0
http://netflix.com.verify-login.tk/9ogiwpgqbn1,1
http://bit.ly/pmbmkq,1
http://bit.ly/wpfv2e,1
http://apple-secure-login.ga/,1
https://app.google.dev/nzp1iyakfnqk/0ulibufwg,0
http://instagram.com.verify-account.info/,1
https://blog.apple.in/de64ozvfb6/ewz2g/w9j,0
https://www.facebook.org/ej53z2xpf1/skiq,0
https://secure-google-login.ru/tc3mwfc6,1
http://ohpdprnqnt.co/6d6ab462c%2Ffdc78fd%2F3d3ed46b7a,1
http://payp3l-secure-login.xyz/x1hbhkuwk,1
https://blog.twitter.io/66sb/c9z7t6lfg,0
https://api.paypal.org/2uckd6rq8dd,0
https://www.apple.ai/6zma1u/r4xso,0
https://www.paypal.io,0
https://api.netflix.com,0
https://www.paypal.io/hh0corcf3n/sjgc5b7ko/rogbon,0
http://104.53.221.243/login,1
https://app.google.net/m2jt/eegi,0
https://www.paypal.co/zsfsndwqcg/56vs/db1mt0p1hyyr,0
https://secure-twitter-login.xyz/4o05y/0bk,1
http://amazon.com.verify-account.top/groyzb/lxd5s3cie/kz70mx2ah,1
http://twitter.com.verify-login.biz/bn5z0943rez/9u7nnheyyi3/4882nk,1
https://blog.instagram.com/geq/9klyd,0
http://ythekeogtbqn.io/d1d356f6%2F60daee7b57%2F5002a3%2Fd0ef35%2F4a5b7da,1
https://api.netflix.org,0
https://api.facebook.co/l55s8n3q,0
http://microsof1-secure-login.xyz/ffhrvs9/g86u25bhjpf/w5ealrrd8cx,1
https://secure-apple-login.xyz/t875w,1
http://bit.ly/hn3jhl,1
https://www.facebook.org/login,0
http://a5azon-secure-login.xyz/2sy96tu1/dwmrqkwn1ixc,1
https://api.twitter.in/zpnr4k89zs2/xfaahmkci/ru7x9qown6v0,0
http://sxlzubv.top/8b8ecf0f%2F67edb%2Fced4e68%2Fce38d1db,1
https://app.netflix.io/rh8oar17kv5/d25x,0
https://app.google.in/vu0q/4n23479e/7jjk,0
http://ins0agra1-secure-login.ml/26rryz,1
http://30.121.25.242/login,1
http://amazon.com.verify-account.biz/1nc9ry22j1bq/qtp0e,1
https://instagram.org/sbboh/xtt,0
https://secure-twitter-login.top/j3u76fd/g1wns2/3vf887gj3oxd,1
https://api.google.co/h3ln,0
https://api.paypal.com/hf3iwivwjd,0
https://app.twitter.com/s32y9pzj14h,0
https://blog.apple.net/gxr20rejam8n/rlt,0
https://api.apple.io/r8nchvzas65/cxh/ispn4dauc,0
http://bit.ly/o0h6j4,1
https://secure-microsoft-login.xyz/qq2x/2nlrm8n/ntr35slat,1
http://atbrxrfpnqse.dev/dc136%2F177c81%2F26f67e7b%2F47b3,1
http://73.242.85.253/login,1
https://api.paypal.org/login,0
http://facebook.com.verify-secure.ga/ur3h61wx4gtb,1
http://90.9.197.135/login,1
https://www.twitter.org,0
http://cgkhrqcv.top/1e58dee15f%2Faf477623%2F92f44%2Ff6c13de5d%2Fe0904,1
http://apple.com.verify-secure.biz/tfadlb6coets/w6mm5ur5j,1
http://facebook.com.verify-account.top/,1
http://68.196.177.164/login,1
http://microsoft-secure-login.tk/lcyzx,1
http://saxuhutuj.tk/3a4345ed%2F70e4,1
https://app.google.co/t98foi55un4/8doyswkprywu/pc8gh,0
http://erdeqnuifm.org/3371de7%2F4b06%2Fbf4e6f03%2F7b83c33d3,1
https://app.microsoft.dev/fhi,0
https://microsoft.dev/6mn/0n6j3wky,0
http://microsoft.com.verify-login.ru/7tirhl0/xkj6g6x413k1,1
http://facebook-secure-login.tk/,1
http://n96fli3-secure-login.xyz/,1
https://app.twitter.ai/md1mugpxj/73d3d,0
https://api.netflix.ai/cenxs8tk/hcls4d,0
https://www.twitter.ai,0
https://www.facebook.io,0
https://api.facebook.co/login,0
https://app.netflix.org/e7h2m4ae/gl8o3ybs3,0
https://api.instagram.ai/ytu,0
http://google.com.verify-secure.cf/67tb4n16fng,1
http://151.130.6.211/login,1
https://api.netflix.net,0
http://17.117.37.61/login,1
https://blog.paypal.net/oppqd2zon,0
http://paypal.com.verify-account.site/2q00qs0sed7,1
https://www.apple.com/n1ofotuft76d/59u2p,0
http://bit.ly/zoqsjz,1
https://api.apple.co/login,0
https://api.facebook.net/xr3hwlc04xjy/0hkydnu2uxyw/bsk,0
http://bit.ly/6sp0ee,1
https://app.apple.org/ozh,0
https://blog.facebook.com/login,0
http://89.36.201.214/login,1
https://blog.twitter.ai/login,0
http://twitter.com.verify-login.biz/3e0s5a42356,1
https://facebook.co/yazbcx1zu,0
https://app.microsoft.in,0
https://api.google.in/drq8k/wg7wvm/cuw,0
http://106.194.168.56/login,1
http://bit.ly/3w0xdd,1
http://bit.ly/b2yn4w,1
http://fvhaugis.ru/e265a8%2F4a62e66c%2F07967%2F1db4193%2Fd24b,1
https://twitter.org,0
http://apple-secure-login.biz/,1
https://blog.google.org,0
http://8pple-secure-login.cf/ut8/jkcuodbfhx2/o6r54x8ap,1
http://netflix.com.verify-login.ru/b6x4e2ft259/pqp8mhifh/tnv,1
https://app.twitter.co/login,0
https://api.facebook.org/zjhl8qg4vdz0,0
http://verqimn.site/95d28%2Fcdbb61ba2%2F14192c%2F180ff,1
https://blog.google.dev/pjc821z5z,0
http://paypal.com.verify-account.ru/bjbm1r6n/73ius6hzadt/krxyja3z,1
https://blog.microsoft.org/nov14rxtm/msumbjdv02e0,0
http://rxdeub.biz/1bdd%2F592ab%2F629c7d%2F3318544caf,1
https://secure-facebook-login.biz/dhlud8dl,1
http://bit.ly/th4n2q,1
http://bit.ly/tlloi5,1
http://netflix.com.verify-account.biz/iyidagc/8hd/zls8dili3mnr,1
http://fa0ebioi-secure-login.ga/,1
https://apple.co/449wbng8/s7k97/s1hbk,0
http://netflix-secure-login.ml/crw592/nsnm69v/xze,1
https://apple.in,0
https://blog.twitter.org/h9awx/4le4brb1,0
https://app.instagram.dev,0
https://secure-apple-login.top/ye0zszxpnm/aj4t38cbbe/o24,1
https://netflix.com/bmskh4/eh7j/ae7wj,0
http://zhxqfwwenqlg.cf/705dd916b3%2Ff95c1ae%2F7d31%2F497837648%2Fa7fcbb0,1
http://35.241.0.91/login,1
https://paypal.io/3aae6mw/5wm85,0
http://netfl40-secure-login.ga/r9suxrw1qex/gej/uu56k7row,1
http://pqewfpdfctk.net/d57fcb37fa%2F3c5cd99d0%2Fe98d891d%2F65fc7f9a%2Fa6b5e,1
https://blog.facebook.net/l9i8q27fb0/yzm4ztxb/4wy0nqf,0
http://bit.ly/w8xz5v,1
http://apple.com.verify-account.ga/mbehc/ou624h1x00ap/tbnmtl5y,1
http://twitter-secure-login.tk/zlvz,1
http://5m3zon-secure-login.biz/8wnzi3sbhckc/aqi24e,1
https://facebook.dev/p4obtt,0
https://api.facebook.net/rlnri55/8tm0vqcddf/7hcvnm7o,0
http://admwsoiwpbiu.in/1d4a47c%2F481332%2F83908c1,1
https://secure-facebook-login.info/zatw,1
http://186.225.146.24/login,1
http://apple-secure-login.ml/nt0wi7/odnvqmh/kvi,1
https://api.google.ai,0
https://www.microsoft.net/f6xjr104y/hoip/7ac1,0
https://blog.paypal.net/ilp3/o5abflopn/3dqywvcw33,0
http://bit.ly/pxbvde,1
https://app.instagram.dev,0
https://www.twitter.com,0
http://microsoft-secure-login.ga/,1
https://blog.twitter.io/tvdc79ai/y4dyv/wz6xdx,0
https://app.microsoft.in,0
https://api.microsoft.io/7jbith/87hql2pk15d,0
https://facebook.dev/nruivyk0o/0afqrj2f/tuh,0
http://instagram.com.verify-account.xyz/pxxvf35fb7b,1
http://facebook-secure-login.info/,1
https://www.google.ai/fokbega9f1av/g8mbz/d30hhmg3e,0
https://app.microsoft.org/xxktdqjwyio/7xuy9faghh7x/ccenpuet,0
https://secure-facebook-login.cf/bzy27k,1
https://app.google.net/j6ffbj/8zofpm,0
http://paypal.com.verify-secure.tk/,1
http://nofiwzy.io/14e43ed457%2Fa96842,1
https://app.facebook.ai,0
https://www.instagram.org/qqn9,0
http://facebook.com.verify-login.ru/,1
https://blog.microsoft.org/behodkx2q0,0
https://www.netflix.in/3bkr/awiis,0
https://www.instagram.org/h55ksf0c/r0eflrr/51ri,0
http://mic4oio1t-secure-login.top/,1
http://hndmkafymja.biz/cccb4c61%2F446cf7c60%2F76dc,1
https://app.google.org/ngsmq/ny15/353fwhh7d,0
https://api.twitter.ai/login,0
https://google.io/login,0
http://n9tflix-secure-login.ga/,1
https://secure-facebook-login.info/zabgnw/p07ip6,1
http://micr3soft-secure-login.info/i8oemwi,1
http://apple.com.verify-account.xyz/l1egb/icy54my/kd799m79jp5y,1
https://api.twitter.ai/1wq/l3hlaxp,0
https://instagram.in/tbwzscin/k2zop2hxwuse,0
http://facebook.com.verify-secure.top/q3g8gdzy81ma,1
http://bit.ly/uzifes,1
http://amazon.com.verify-account.biz/0cn9soxnt/klmyoup/nx9lj9qgfgho,1
https://blog.instagram.ai/ifcafa75x70/cls7zgt,0
https://blog.facebook.dev,0
http://1p7le-secure-login.cf/80xuv/fszn6,1
https://blog.paypal.ai/s248ofa3n/q4feujp4knz,0
https://app.google.co/hy7qif4m0d,0
https://app.microsoft.net,0
http://microsoft-secure-login.top/kqwxzz8hl0bq/a51,1
http://fltctn.ml/b0249b308%2F3ce8835,1
http://netflix.com.verify-login.cf/,1
https://microsoft.in/dmnrr6w/iwq1,0
http://bit.ly/y2mf8n,1
https://instagram.com/91yjxjy0/b4l4fhfejh,0
https://api.instagram.com,0
https://www.apple.ai/nv8bcgypm,0
https://twitter.org/ppvb4/y2ahs4,0
http://zcfrlvuizeev.ga/ebe0e02%2F68ad9%2Febee3c,1
https://www.twitter.in/5c159o/kgwvhjg9,0
https://paypal.co/4haosi9j/wssfxolr,0
https://api.instagram.ai/ifi4cykrbnra/5lrbecxps,0
http://bit.ly/la0vvg,1
https://amazon.net/3yu3nx/doea9,0
http://mi8r4soft-secure-login.top/,1
https://app.microsoft.dev/719gi/tpike83,0
http://jwxmcdualp.co/497f5f%2F50b906d2,1
http://48.128.133.95/login,1
https://api.paypal.io/1k4348/mz89/yrx121now4d,0
https://blog.facebook.net,0
https://secure-paypal-login.ga/b79crjq/xh882nhax/v6akj1gbzr,1
https://api.instagram.in/9wp4xnw,0
http://payp4l-secure-login.ga/ips7g,1
https://blog.amazon.com/login,0
https://www.microsoft.com/login,0
https://google.in/7f131gdnvx,0
http://103.199.120.69/login,1
http://132.14.163.6/login,1
https://www.facebook.ai/vb31cvfrraof/7uly3fh7,0
https://blog.facebook.org/09qc1eirp,0
http://132.167.61.230/login,1
http://hoxhlzmlvgpg.biz/4ce6b5caeb%2Fe1e4d2%2F65de7dff3,1
https://api.facebook.org/zglb1fft7v/rq22mck4/0363mm048q,0
http://bit.ly/21ielw,1
http://135.144.157.236/login,1
https://app.amazon.io/4s189lz9uird,0
http://107.47.25.95/login,1
http://bit.ly/vh1box,1
https://api.amazon.dev/ina8qy9/30moodcbxec,0
http://am8zon-secure-login.cf/tye6o682,1
https://www.apple.ai,0
https://blog.netflix.com/login,0
https://www.netflix.dev/8pofb7uf/bm1d5ketq/yvxwcvon1,0
https://blog.paypal.in/mqyft,0
https://app.instagram.org,0
https://www.netflix.org/bej,0
https://blog.instagram.in/hrxrpcm9qux,0
http://4nstagram-secure-login.ml/,1
https://blog.instagram.net,0
https://blog.microsoft.org,0
https://www.google.org/login,0
https://api.twitter.in/1cdt92ge/4i7/b2uikd14,0
http://tebmhemqcxt.ga/f5fb494f32%2F78532ad5e%2F77b553659d%2F18639ab12,1
http://outwlbp.site/293497%2Fb8d80e%2F104b,1
https://facebook.org,0
http://ktacoyzfz.co/6ce96df76%2F9fda250a%2Ff65bf23f3%2F99f720%2Fa9aa31e9f3,1
https://blog.google.com/5p4mx4l,0
https://api.google.in/tu2f2375n50f/z9vmm1ydt,0
https://secure-amazon-login.ml/56wxor9mx8,1
http://microsoft.com.verify-account.info/,1
https://api.facebook.com/2e981jqut1a,0
http://apple-secure-login.top/,1
http://162.149.129.86/login,1
https://blog.amazon.org/l80cgkr6s,0
http://57.230.48.88/login,1
https://blog.twitter.dev/0odu,0
https://api.facebook.io/l5jm/sxouah9/1329x62f,0
http://bit.ly/jt6on2,1
https://secure-facebook-login.cf/ia6e,1
https://secure-amazon-login.top/a9rrzrq,1
http://google.com.verify-secure.site/yzk2k,1
http://facebook.com.verify-login.cf/9kfos/ooaw5as3pmv,1
https://secure-paypal-login.site/witp97og/rsvll31n8t/bwuee3ft6zo,1
https://api.facebook.com/n2jx0dy/hciyewkn4ps/r6zdg3p73ft,0
https://blog.paypal.in/uqw02ia4724r/f1wuk1ao7dkd,0
https://blog.amazon.dev/hlgei/o4bv/4jsv4qq,0
https://paypal.dev/0cwkr,0
http://twitter.com.verify-account.biz/zm03/4jchwnvgtd,1
http://hgzbbpnqmg.biz/7547dd0%2Fd9dd2c4d%2F796be3b8b,1
http://amazon.com.verify-account.ga/71r3uqys,1
https://blog.instagram.com/fhlj/ej5s097hsezw/a04ndpyhgk08,0
http://bit.ly/8tkdbr,1
http://aulhooylhlyq.ai/56498602%2F43c45723f9%2F0eb3%2Fcebb%2F446d%2F5aa1,1
https://www.paypal.net,0
https://secure-facebook-login.ru/q0ur24k8694x/mp8sgk,1
http://amazo4-secure-login.ru/4wyz4uzgzxhr,1
http://40.246.46.51/login,1
http://vkfarvoqm.ml/7adc1%2F473e46206c%2F1d884c2%2F0084da70,1
http://xnrvdor.biz/7f752c89%2F86c023%2Fdcde62%2F787b9%2F24cfdc68%2Fa01b732db3,1
http://oqmnrc.xyz/5a34de953%2F588372%2Fe14f6e7a%2F3398c06a49%2F63fb9d012,1
https://secure-netflix-login.top/,1
https://app.facebook.com/bfkcn2r6ev2/qb74q07e3gi/nyjvpva,0
https://secure-twitter-login.cf/,1
http://bbsvaqy.cf/df923f4fe%2Fb0b21f279%2F9b3506,1
http://acvptbnto.io/22e0b93357%2F2a86%2F2eeed9c53%2Fd84a6dad%2Fbca916b3eb%2F1f5a9d7e5,1
https://api.facebook.co/ww8amhdfi,0
https://facebook.org/login,0
https://secure-microsoft-login.ga/vw8rl4uxjg,1
https://api.paypal.co/kqe5,0
https://www.apple.ai/773/5cbh54ev16c,0
https://api.instagram.co/rfx7949j/m7wv/9037wu,0
https://twitter.in,0
http://microso4t-secure-login.tk/0v9zjjnojya,1
http://amazon-secure-login.ru/bzd/e5zedu69,1
http://bit.ly/huxmkv,1
https://blog.google.com/v34g9,0
http://paypal-secure-login.site/ls4zq9l6/ceasarx/h1k7pl1kz32,1
https://www.microsoft.dev/eprhbuk2l,0
https://api.apple.io/hrx/tdv,0
https://api.microsoft.dev/7cqyf6j0/b7rq02hqy,0
https://app.apple.co/mqtjcfkdjh,0
https://app.amazon.com,0
https://facebook.net/adx6pgigdcx,0
https://blog.instagram.ai/sl8im6lyor/6xe/x7k9kr9fq07,0
https://secure-paypal-login.biz/6ftbb44,1
https://app.microsoft.ai/bkpux,0
http://twitter.com.verify-account.ga/5ctek/up9wdrasizxv,1
https://twitter.org/yi88ymdoa8,0
http://paypal.com.verify-secure.ru/zvg3uk5dnqg/itkj1dld3/nx81i,1
http://gfvccwuhogcs.io/419371d4f0%2F57c9b3809%2Ffa10d8a%2Fdb4d,1
http://134.27.233.120/login,1
http://iplrftvet.co/0861%2Fd3e6be3%2Ff2a93a1df%2F185e8%2F6f4cbe9352%2F1628,1
http://bit.ly/xazsdx,1
http://twitter.com.verify-secure.biz/tp3a/ms7lzzevcuz9/9jwwlw,1
http://bit.ly/gei8ot,1
https://blog.google.io/99f/3qgjbouo6nlx,0
http://a57zon-secure-login.cf/duzvih7,1
http://netflix.com.verify-secure.tk/f3vlzud/dr1ksql7s3,1
https://blog.paypal.org/ty9fbbjwlmnv,0
https://microsoft.org,0
http://28.229.199.94/login,1
https://secure-google-login.cf/,1
http://bit.ly/y6ftsk,1
https://netflix.org/nuhdbq1gz/21uw6rycj/vnus6ku,0
http://microso0t-secure-login.info/,1
https://api.netflix.in,0
http://bit.ly/us6532,1
http://paypal.com.verify-login.ga/,1
https://instagram.com/prkpesmq407/b6dnh2tz,0
https://api.instagram.org/5cyca7ypgyn4/3q42,0
https://www.instagram.dev/l92tqb/s5o0d511/5scgx90y63,0
https://www.twitter.dev/d60m/31kuko/clu04,0
http://dkwmgpkusg.ga/80d68954%2Fcea7%2F61096%2Ff52c6b5e%2Fb11c1812,1
http://apple.com.verify-account.ru/28quknl6y/bg290,1
http://facebook.com.verify-secure.xyz/,1
http://bit.ly/6frjcs,1
http://lmqbdcmw.io/91a98f925e%2F83e5%2F0d6cc7%2F2cf76a%2Fab0e30%2Fbe24,1
http://netflix-secure-login.ru/a74l2zazq/a9yi/1olh,1
http://amazon.com.verify-login.ga/rl5odahmr/rqds,1
http://bit.ly/8c4u7e,1
http://175.113.196.75/login,1
http://168.230.206.168/login,1
https://blog.apple.ai/zuij21/oeb7kgky/5omjrqm2n3zq,0
http://166.103.247.213/login,1
https://blog.facebook.com/wosjm,0
http://swdbgajie.ga/2f66852%2Fc4a28%2F8f9b4%2Ff56e7,1
https://secure-apple-login.site/1wd9/af8lnle6ym6,1
https://app.facebook.org/6ez90ov6qo/ymwc,0
http://118.134.236.61/login,1
https://api.paypal.io,0
http://google-secure-login.biz/3spwb3a3a8c/rq7xya/xfgemgbkd,1
https://api.netflix.in/1bhwroocdn5h,0
https://api.facebook.ai,0
https://www.instagram.org/6j0xho4aha/t4h8/b1u79o,0
https://app.amazon.ai/r15l/d25/t6lmk35hn91,0
https://app.facebook.com/wvmdyy/vo2mwsn3muxd/19vsiv,0
http://apple.com.verify-login.tk/dx4qx1kut0/qhjckdc3/2j3iul8o3,1
http://177.125.63.58/login,1
https://api.instagram.ai,0
http://bit.ly/4uk532,1
https://secure-amazon-login.top/wbrmp0,1
https://www.microsoft.co,0
http://gnefcv.cf/2c1e6c%2F27868a37f9,1
http://127.35.147.179/login,1
http://31.47.45.8/login,1
http://bdqnkgqkkdq.com/9c476f8d9%2Fd39fcd97%2Fc04ea,1
http://cmbxcqgxs.ru/e02bf974%2F1201ba66cb%2Fde37%2Fa2864723,1
http://ljuxuukbgb.ai/9612e0%2F6430,1
http://twitter.com.verify-secure.info/523fdu3bdg6k,1
https://secure-netflix-login.cf/,1
https://blog.paypal.org/1ypwbp/zbfm5przfb1w,0
https://api.amazon.net/3mp51mkit7pe/mfjm39iem4e6,0
https://app.instagram.in/p3w0db10ssv/17kee3y06j9x,0
http://108.67.202.52/login,1
https://blog.google.dev/8v951h6poz/5zd/2yp378k,0
https://blog.paypal.in/ypzjt/8ld580wpx64,0
https://app.paypal.ai,0
http://bit.ly/6okel7,1
https://www.netflix.io/itzm02t0/3g2sz,0
http://bit.ly/o5bj6h,1
https://api.instagram.net/lge3ez8otzxu/bv2jixog36p/9oqstv,0
http://bit.ly/v5zwxv,1
https://app.instagram.com/hoqbo3z/ljv41tqd,0
http://1etf5ix-secure-login.cf/dzf5xq9fp5mm/2cuscj,1
https://secure-instagram-login.site/lzhoae/u9qxomk27,1
http://google.com.verify-account.ru/t1ebit7xy3w/x1v/v84c,1
http://micr3so7t-secure-login.cf/x5ohlg/1bau192az5/oponk2r7q4,1
https://api.facebook.dev,0
https://blog.microsoft.org/08tq/t3nvj/eaf,0
https://facebook.net/8wkbaqn/hk0lqyujf/tqbc,0
https://blog.paypal.net/402jmnf21/2n5jnaftr,0
https://api.paypal.dev/umc31nc8dg,0
http://srecdkundnef.com/5791748af4%2Ff859f3%2Fc5e5,1
https://blog.facebook.in/byn08v89vt2/b2pdn7ldzwh/rfswwvqvmw,0
https://www.twitter.com/vsy75,0
http://instagram.com.verify-secure.ml/dsi/1fn2h/3okt3by,1
https://paypal.org/57qkz/drxaj/2lqr,0
https://app.facebook.com/6l4rca/o6j/s8y2r50xn,0
https://amazon.net/987s0xm,0
https://secure-apple-login.info/,1
https://secure-twitter-login.cf/,1
http://a0azon-secure-login.tk/,1
https://blog.amazon.co/6ffx53izec/rgo206g,0
https://secure-netflix-login.cf/dhpvd2b4w/ieptw,1
https://google.ai/a3t5zdx4,0
http://bit.ly/zs5h4o,1
http://microsoft.com.verify-account.cf/ifv0qge/24mn/k6fj,1
https://blog.apple.ai/2130u4q/us9acyvak,0
https://www.microsoft.com/xub5xc4c49,0
http://goog5e-secure-login.info/fj1kchw4/td5n3d7tjc,1
https://www.microsoft.com,0
https://www.facebook.in/a5y/nof/precrcva1f,0
http://98.139.194.89/login,1
https://blog.google.dev/login,0
http://google-secure-login.tk/glizbzkj4,1
https://paypal.net,0
https://app.google.dev/ht05cuabspd/5iumvsgxr,0
http://31.249.84.56/login,1
https://api.amazon.org/kaezra1x/cc82,0
https://api.instagram.in/gcvwchoh894,0
http://82.109.37.43/login,1
https://www.apple.in/sbod2z8y,0
https://app.paypal.dev/rhnv,0
https://netflix.dev,0
https://blog.twitter.dev/cxpwk,0
https://secure-netflix-login.top/,1
https://apple.org/0ie2yk344m/5y5i41qe8kb/9bikju6,0
http://mhvhjaazwpc.com/7d06e7%2F84e4e64f%2F2ae62,1
http://facebook.com.verify-account.biz/6qpd4i924,1
https://api.instagram.com/rcp81wa,0
http://wpwizzkmqxjf.tk/e595d452%2Fb9473bdf9%2Fd10a35a%2F9b689f0ab%2F26ae61ef%2F6be2,1
http://google.com.verify-account.cf/5dknmj5wah/aon7/4fb9pn,1
http://facebook.com.verify-account.info/,1
http://bit.ly/q051kp,1
http://bit.ly/nclh0c,1
https://netflix.io/pk5evlwo,0
http://147.191.67.148/login,1
http://50.63.251.118/login,1
http://facebook.com.verify-login.cf/j3ojz3j64/0ri9,1
https://secure-twitter-login.ml/,1
https://api.facebook.org/smygb,0
https://www.amazon.dev/4a5gvc5n/kwo1rp1kgsj/ohbt,0
https://blog.microsoft.in/v08b,0
https://google.io/s1sqf8,0
http://176.238.15.153/login,1
https://www.twitter.com/f7oomy/ypj941,0
http://yfviqbhuttxa.in/8571%2Ff04a%2F0ef01e79%2F15d5%2F0d554,1
http://bit.ly/7c88lv,1
http://netfl1x-secure-login.top/,1
https://blog.microsoft.org/0ypozf/vz1w3n3y/gs0d98,0
https://www.apple.com,0
https://blog.paypal.dev/blw/giiphp/agvd4sqeriyw,0
https://amazon.org/b9lcs6momhmz/z5noxs9gr2uo/b4t,0
http://facebook.com.verify-account.ru/5x09ufiehk/1yn3is06cg67,1
https://www.instagram.dev/66k4kudplup/lna2,0
https://instagram.net/sbpnvz/wr74a7,0
http://bit.ly/ecy5l3,1
https://secure-paypal-login.cf/,1
https://blog.paypal.dev/79pr7izc,0
https://app.amazon.com/qy6wfkw/591moe,0
https://app.twitter.co/2prm0kj7x9d,0
http://94.141.51.85/login,1
http://cqaesr.ru/2385e0d7d%2F2553d475e%2Fdae6%2Fb2c69a835%2F04d7137164%2Fc445b263,1
http://bit.ly/vl59o9,1
https://netflix.org/ntow9bq,0
http://170.117.242.109/login,1
https://blog.apple.net/vomxx/muobja/r8u8e26,0
https://blog.apple.in/86e8z/qftwv,0
http://microsoft.com.verify-login.cf/bi7cq2z/qlg28/5mc,1
http://izptffkdat.in/9b2c5bdc%2F13f3%2F87e338448%2F266ebcb%2F396acea6,1
http://bit.ly/187tx4,1
http://mfkybfhclv.ga/8b827%2F4e5b%2Faeeb5%2Feb00d,1
https://api.apple.org/skihef6t0,0
http://2aypal-secure-login.biz/,1
http://86.191.61.222/login,1
https://secure-apple-login.top/4k4zsnqie6,1
http://163.82.232.47/login,1
https://app.netflix.dev/z6ro7te/m1zemeo3/jy6kt4up2,0
https://secure-twitter-login.top/wusrly939w/p0w5,1
http://twitter.com.verify-secure.cf/0fnow/pr0l0aom1qrp,1
http://netflix.com.verify-login.tk/uy2kgas,1
http://28.39.146.245/login,1
https://blog.netflix.in/xgxxz/r5z98po5,0
https://secure-twitter-login.biz/5bsfucwpc1mv/bbiz498bxdf2/amac,1
https://blog.microsoft.net/ecwp0mbz/gjfw736zqy,0
http://81.47.74.243/login,1
https://api.facebook.net/kie033eki,0
http://amizon-secure-login.tk/,1
http://bit.ly/1a7yhf,1
https://api.apple.com/aop5uq60wgv/q0z17/qhdncs194rv,0
https://api.twitter.net,0
https://api.microsoft.com/pvf/khp7fjovn8/er7ok,0
http://amazon.com.verify-secure.biz/msyl2st/l0a21p,1
https://microsoft.co/lnnvq39e8,0
https://api.twitter.co/oc4o93d1io,0
https://blog.twitter.com/o98k4g/bf7mxz8,0
https://api.instagram.dev/qhj9s/s4m,0
https://secure-amazon-login.biz/651/mj3ocu,1
http://3icrosoft-secure-login.top/lvsv5j/l6bc/166n6o9jmvt,1
https://api.twitter.in,0
http://paypal.com.verify-account.ru/wi8oa/o58a,1
http://lm9zon-secure-login.ga/,1
http://137.54.180.84/login,1
http://198.47.31.216/login,1
https://api.instagram.co/a2a3l6sablia,0
http://125.133.54.223/login,1
http://apple.com.verify-secure.cf/fam03uu/692kggwexhl/j0lud,1
http://ikpitueawmdu.dev/6a5f%2Fecd765%2F4273a44df5,1
http://179.240.48.43/login,1
https://app.microsoft.com/553auzgdg,0
http://100.36.179.152/login,1
http://netflix-secure-login.ga/rwxnwp2/vmabu47,1
https://secure-amazon-login.ru/,1
https://apple.com/lmidoj4/leh,0
https://microsoft.com/i4ofsba5l6/lgwd5f,0
http://twitter.com.verify-login.xyz/vhbcn6jv9s,1
http://bit.ly/myn3tl,1
https://apple.in/x3gnma/034xzksx/jrxuc14v,0
https://app.facebook.ai,0
https://netflix.ai/prig,0
https://api.paypal.org/v0lmdlbere7,0
https://app.netflix.in/kdcbxb,0
http://124.167.75.203/login,1
http://apple.com.verify-login.site/,1
https://blog.amazon.ai/fwsuj1sa/bdy7ebb7/4vkw,0
https://app.google.net/y11j0iq7/ce19fad/rr8z5xpaykh,0
https://app.apple.ai/login,0
https://app.instagram.co/ewyco13og97/l57yi3vo/wfc,0
https://blog.instagram.dev/zs1837j/4bpu1tz8j3d9/dgaf,0
https://api.twitter.io/login,0
http://twitter-secure-login.info/gk6kdoa/ham8rnt/9tq7unxp,1
https://app.instagram.io/dp987ozwl61/68yc/v4iw,0
https://api.instagram.dev,0
https://www.facebook.com/lkkctcf/yt3v23ch/2hu4uoppaaxt,0
https://www.instagram.dev/93gh9gzlvf8/28emm5nx92,0
http://bit.ly/tsc1p3,1
https://secure-microsoft-login.site/k92,1
http://augtie.dev/674b8ce0%2Fef8d2%2F1f44c3,1
https://app.paypal.dev/6h5a/luenbp6b3h/aiqi7r,0
https://secure-apple-login.site/9ziy4tnyus,1
http://facebook.com.verify-secure.top/jav28kqku4j0/ba1fj4gimna5,1
https://instagram.com/wf5rfj91/c106zaep853u,0
https://blog.facebook.co/login,0
https://app.google.dev/6rm3/zusbnurpdkl,0
http://bit.ly/3phgox,1
https://www.twitter.io/jwwtlagu3h/5v50d1ebls,0
https://app.google.in/zilep72r5d,0
https://app.paypal.co/128b7/169/i4bkpqr7wm,0
https://app.facebook.com/vr5abw3lf124,0
https://google.ai/ftpcy,0
http://145.147.41.41/login,1
https://blog.apple.co,0
http://instagram-secure-login.site/oplmbd4,1
https://api.netflix.org/xxpqu9/p4bqhy,0
http://tzjfqinw.site/3db5e0%2F444efc9%2F62ecc5,1
https://blog.amazon.net/oe5ekvb9,0
http://83.233.88.24/login,1
https://secure-paypal-login.xyz/b5e7qx7ya9j/recg4whj5sof/u1es,1
http://netflix.com.verify-login.site/tol5p7mz80gm,1
http://microsoft.com.verify-login.ga/,1
https://blog.instagram.co/kav2/w6c425/67ui1y2p,0
http://jijgmlccen.cf/54b8f9dc89%2Fcc26e7,1
https://blog.instagram.ai/zqrpaig2911/qefldc/bc7k1b2u,0
https://instagram.dev/330lpnju2,0
https://secure-paypal-login.top/6nbr61z/de9ww4ajo/40727g,1
https://secure-paypal-login.ru/eltt/o8y2mu9fjbat,1
http://netflix.com.verify-secure.ga/muohpd6zk8/9f7i4bkkbpc,1
https://facebook.com/jno/7chsr6,0
https://apple.ai/login,0
https://instagram.net,0
https://apple.net/l10bpp/elq2yq,0
https://app.microsoft.co,0
http://twitter.com.verify-secure.top/s7qk/c3qtgz25u,1
http://twitter.com.verify-login.info/xsa0/w3vvkw/fra,1
http://paypal.com.verify-login.xyz/,1
https://app.google.dev/irfhqg/u042rkn,0
http://wsisqka.co/d81cd1bf%2Fef7ef0eda4%2F1c229ab4a%2F9ccab862b%2F7bd8%2Fe645,1
http://xlxqegl.ru/5a6f%2F84e870501,1
http://google.com.verify-account.ru/06k2w9o/zko05nx,1
https://instagram.in/8nalejy0p5g1/uea7002hnv/cqtc6r1l4f5,0
http://bit.ly/ykilyl,1
http://ins5agram-secure-login.ga/,1
http://uzmsuvdvpvgm.ga/cb5c%2F1c7a4fe%2Fd1a8%2Ff3b7f2f5f9,1
http://twitter.com.verify-account.site/4jp2jl7s8c/iac767z0dhq/kf18y,1
https://www.netflix.ai/z8fjgo,0
https://app.paypal.co/b25oshwg8mwm/jw85ejjrs/e6misztoiu,0
http://138.150.67.67/login,1
https://microsoft.net/2txofc1uxw/v4nz6k/cb5g9xdv01r,0
http://facebook-secure-login.ml/ndm1l38j/237w0sbn9u,1
http://paypal-secure-login.ru/5mq9a,1
https://www.google.com/login,0
http://bit.ly/xgqjsa,1
https://app.google.org,0
http://bit.ly/1bil2s,1
https://secure-google-login.ga/qum17z2ebh/lpc4ijsp3m,1
http://bit.ly/xw54mf,1
http://99.158.165.43/login,1
https://app.netflix.net/do8/iver2z/df0,0
https://app.netflix.co,0
http://bit.ly/prwsa6,1
https://api.instagram.ai/ayoziw1d6/63ypji4of,0
https://app.microsoft.co/oozge020/8r2m,0
http://103.189.136.22/login,1
http://kwdiubyyd.tk/ecd77%2F6d718f271%2Fd7bc6e6%2F06d2%2F24b84257%2Fd7c6974da,1
https://www.paypal.dev/nnkzw3lkyytt/mz9mg5luig5,0
https://app.apple.com,0
https://app.apple.net/svngc1wrmukg,0
https://api.facebook.co,0
http://dxkwtr.site/d5da%2Fef298f889%2F3fa51c6c4,1
http://apple.com.verify-secure.info/7x732/nd8yz,1
http://23.153.241.244/login,1
http://1acebook-secure-login.top/wt5ei69n/8sz8yo53vdw6,1
https://api.facebook.dev/gxqpclgd,0
https://app.facebook.co/6rd1iizl8mv5,0
https://blog.facebook.ai/rta,0
http://payp1l-secure-login.ru/,1
http://bit.ly/gd523b,1
https://apple.dev/5g0po4/66a/sjluz2,0
http://121.207.107.21/login,1
https://www.apple.ai/qjhzw0m6p9l/4yv5n,0
https://api.amazon.org/tv9kohsi2j7u,0
http://yguqrqhje.co/56a01e15b%2F96e9fd8f2c%2F38df14d%2F7464ca47%2F350f6416%2F9f52ba,1
https://instagram.ai,0
http://92st2gram-secure-login.ru/razp/ygtx64usmc,1
http://apple.com.verify-secure.biz/,1
http://apple.com.verify-login.ml/6x7wn38m/od7gelp6yqag,1
https://www.apple.net/bcqt2qqg0/xyha9g1c/g6tjfjyp3,0
https://app.apple.org/ndvb,0
https://www.twitter.org/f8m,0
https://twitter.net,0
http://instagram.com.verify-account.info/t3ka/4e4tz,1
http://bit.ly/i5ek12,1
https://google.co/18s/42a3m4o6h82z,0
https://paypal.ai,0
http://bit.ly/wpdgld,1
https://blog.amazon.co/v2f9y6z/9nk,0
http://43.137.88.125/login,1
https://blog.twitter.in,0
http://google.com.verify-secure.ru/6479z5/hq2,1
https://facebook.org/wrpu6s,0
http://13tflix-secure-login.tk/95qthmks0/3p6fi,1
http://i1stagr9m-secure-login.ml/wtvxq7b0zn/5agzs4yl1b31/6fuckkdo7o,1
https://app.apple.io,0
https://secure-google-login.site/5xlw/5p8xdksiwiko/65dwumfi,1
http://bit.ly/qb5a5c,1
http://xrbkht.ml/1b6a%2F875063c392%2F354f%2F1e08907f%2F981f9eeed,1
https://www.amazon.io/dm55bgxhcko/y65o13u31cl,0
https://www.amazon.co/ptv,0
https://app.twitter.io/kwpw5n4/18vvcudby3,0
http://xuycgmnsisgb.dev/767f%2F558953b57%2F62b5ce2%2F49bcd5893,1
https://api.microsoft.in/6a48g296,0
http://51.3.179.80/login,1
https://app.amazon.com/9afe35,0
https://microsoft.co/9amuf/o3i,0
http://amaz7n-secure-login.site/,1
http://amazon.com.verify-secure.ga/,1
https://app.facebook.io/3o7gq,0
https://api.microsoft.org/6svw622mo,0
https://secure-facebook-login.site/76oyefb3m,1
https://google.org/nsfk9l9a/l9nk0/5s2fahfdvtxm,0
http://instagram.com.verify-secure.ml/pa8n/zrg/a6cn,1
https://www.instagram.co/pql8d4ul7kzc,0
http://ysibvjreii.io/97071aa65%2F14fac%2Ffff1%2Fbdb8a676f3%2F8e7b2585d2,1
https://app.google.dev,0
http://apple.com.verify-login.site/8o94cukzs5ne/zs0c1yo5vun/ldomwqikaqa,1
https://www.apple.dev/rsq89ayz,0
https://twitter.dev/11dse,0
http://141.195.169.83/login,1
https://api.netflix.dev/npxrd/bcp,0
http://115.176.241.13/login,1
https://app.facebook.co/8pzwyy40em/b9g7xdo,0
https://twitter.com,0
https://secure-apple-login.tk/9bq5ro8yb,1
http://microsoft.com.verify-secure.cf/72x,1
https://netflix.co/kyun9jx58/hgf0,0
https://apple.dev,0
https://www.facebook.ai/login,0
http://bit.ly/cz9vex,1
http://162.198.180.183/login,1
https://www.facebook.net/4mf50nmj/bsev8va/x05,0
https://paypal.net/cek8y/bhlzkonru49/alnikh7qoe6v,0
https://www.microsoft.io/6rg,0
https://secure-facebook-login.xyz/jkb5,1
http://97.138.69.164/login,1
https://app.google.io/grhsq5pnly/tega,0
https://blog.netflix.org/b37sy6wd2wx/3r2twamfa,0
http://netflix.com.verify-login.site/lvbur4m3wqf,1
http://bit.ly/osk37t,1
http://76.94.162.90/login,1
https://api.twitter.net/8p5e/m06psk58od1k,0
http://54.243.78.80/login,1
http://bit.ly/neceox,1
http://amazon.com.verify-login.cf/,1
https://blog.netflix.co/muhf2fd70f/zehih8oahgc/7ajjgz5ol6,0
https://api.apple.com/20as7r8hqk/ktt,0
https://app.facebook.in/dnttgurpdm/ongmy8,0
https://api.microsoft.dev/pvdhfgl/0hj,0
http://113.30.247.132/login,1
https://twitter.org,0
https://secure-paypal-login.ru/bt9w8n/h6r4wzjma8r/szu3wdd9iv,1
http://bit.ly/gech20,1
https://microsoft.ai/login,0
http://ziumqntn.site/6269a1%2Fe83fe92%2Fe6604b3bb8%2F11fe,1
http://wznjbnlag.com/b9274b%2F0ab6335596%2F593572a5%2Fbde6%2F64645acab7,1
https://blog.paypal.com/pofl/5jv83m,0
http://bit.ly/g1ssr2,1
https://blog.facebook.in/ne822i1/09gmj7fg0840/1604rhf,0
http://bit.ly/i63ied,1
https://app.paypal.co/xl6q,0
https://app.twitter.org/m4wwf7m/qwu4/zxuho5v,0
http://5nstagram-secure-login.biz/oi33ohvc2gi/kxp4l2r7yez,1
https://app.microsoft.in/ltph1odo3j00/d1280fo7wg,0
https://www.twitter.in/govqjcr/5m05t3wp1y97,0
https://api.google.org/6em,0
https://blog.apple.in/login,0
http://instagram-secure-login.site/,1
https://www.instagram.com/my92/bp5sztn/i075pby3yn4l,0
http://fai7book-secure-login.ga/0uuq46r4vxg/fy8m/mnafil,1
https://api.netflix.dev/g2faan1/p185d4oyi1/0dfixqlq,0
https://api.twitter.in/0zgiw84asvps,0
http://a6ple-secure-login.site/9qllsddkn/1hjread/3nv3qs,1
https://twitter.in/7a2ett95vsjc/74sw/jkwdr,0
http://htepita.io/0be83209e%2F386985f57f%2F4a34f%2F412d8ab002,1
http://nitflix-secure-login.top/nj0pzama/p5a4/yv1v6v1q,1
https://api.apple.dev/okah/ip4y5b/4rjv5rbf7x1,0
http://mi1rosoft-secure-login.cf/,1
https://api.paypal.org/ehrk8tfus4n/211bt9p4u,0
http://73.17.249.68/login,1
http://bit.ly/f4ptt6,1
https://api.instagram.ai/v85qay5mvab9/eg91z,0
http://bit.ly/bb3fhx,1
https://app.netflix.org/sg14ti,0
https://app.paypal.dev/psl2/uoi,0
http://google.com.verify-login.ml/kvlk0a7lsd1r/u5scc9/lvstgml9p,1
https://app.amazon.com/dyaztmg3/847r3j02za,0
https://secure-amazon-login.ga/d9c2gewfk/sf12o4om,1
https://api.apple.co/0x06452vsks,0
https://paypal.dev,0
https://api.paypal.in/ln9enttej7w/h17fs,0
https://www.facebook.dev/smmf/i8s5cvi/otyo2n4w,0
http://161.147.107.134/login,1
https://www.paypal.dev/3061upi3k6,0
https://secure-microsoft-login.xyz/p18avihjj37,1
http://bit.ly/vul63q,1
https://app.facebook.org/tohnzc3ht/d8qoos,0
https://amazon.net,0
http://bit.ly/qrjqws,1
https://facebook.org/asltnvj7q/uwfn/u415bzxtuhle,0
http://instagrai-secure-login.ga/qsx79q8o7/b7u4w3zh,1
https://facebook.org/e5twa0qby0/4vmwbrtq/r9z1j6c6skk,0
http://paypal.com.verify-account.top/eymiqvtr/mkiz2/v3mv1mtxsmoo,1
http://170.188.104.120/login,1
http://amazon.com.verify-secure.top/fhez82/mxjrp5/0okqy76x5my6,1
https://blog.instagram.org/mclleksxg,0
https://instagram.io/lw41b5gcxv4s/iratymqn,0
http://apple-secure-login.biz/,1
https://app.twitter.com,0
https://app.google.ai/login,0
https://api.microsoft.io/b81kpp,0
https://api.apple.com,0
https://app.microsoft.io/login,0
https://secure-amazon-login.ru/aku/8x0n1pewsf,1
https://api.apple.co/lkyqcdigrl9,0
http://bit.ly/dlol8i,1
https://api.netflix.com/32gg/ceh9rox,0
https://api.amazon.in/obx76if/3xjs7ysvd0e,0
https://blog.amazon.in/eyynd8vwexp/gmgke85o65o,0
https://instagram.org,0
http://bit.ly/g5l793,1
http://apple-secure-login.ga/jtl4zslf/ri1wpn1oi95/2wzl31,1
https://app.microsoft.ai,0
https://amazon.dev/5hraa2fu/lsh81kc6/yode6om,0
https://blog.facebook.co/70fjbxvws,0
https://api.apple.org,0
http://bit.ly/95p47p,1
https://secure-microsoft-login.site/artcksb8az/5d67v,1
https://api.paypal.ai,0
https://secure-apple-login.info/foa1kc,1
https://secure-apple-login.ga/y7g3p/sxc9vw,1
http://facebook.com.verify-secure.site/me4/zhslew/2erlay4y,1
http://microsoft.com.verify-login.site/vvmijpvu7/x9t,1
https://secure-microsoft-login.info/oww6iptf/4v347o3c1,1
http://bit.ly/cpj2mm,1
https://api.netflix.dev/vvf66v/f8g9/edu,0
https://secure-microsoft-login.info/9467/j3oso,1
https://api.netflix.com/login,0
https://www.facebook.in/69foun/b8t6dududtzp,0
https://blog.amazon.dev/cyfwe/d7ucem5,0
https://www.amazon.in/tq25o7i2/i0t5um248dap,0
http://68.31.17.8/login,1
http://52.104.176.157/login,1
https://api.facebook.io/w1st18gojw4/371,0
https://blog.paypal.net/ej93wz2rju/9ax9twyi05,0
http://186.53.111.108/login,1
https://blog.instagram.org/20mcm/bycwybp/8nv96woqdvwq,0
https://secure-amazon-login.biz/,1
http://oxntzkfy.ga/b1c0648%2Fa290ccd6e,1
https://google.co/xhsiz8i18zj/hyh0ymx/i5c472p,0
https://blog.netflix.in/vro3evgf/fa8lg93t,0
https://app.twitter.co/js7zhol,0
https://facebook.com/90rwxp0/aodrm,0
http://vesypstmjt.ai/4bc4d%2Faa8e82f,1
https://facebook.ai/azlyx/37uqw7/bi3ewdy,0
http://bit.ly/0w6wds,1
https://blog.facebook.net/0wfkuod4byec,0
https://api.twitter.co,0
https://secure-twitter-login.tk/1rc,1
https://blog.facebook.org/fsg0jjuibl,0
http://netflix-secure-login.tk/du9vf/z8w6n2/eltyd,1
https://app.apple.co/pvvjbang3/22ubv2evcw/vgk,0
https://microsoft.io/rii/0aszbzmp89/6eyulv91u,0
http://facebook.com.verify-login.ru/m87f/go3k,1
https://app.amazon.io/8pg0j,0
https://blog.apple.org/gzv/sq02bhf9ypq,0
https://api.twitter.dev/w8fkc,0
http://facebook.com.verify-login.ml/,1
https://google.in/7iescsoyktp,0
http://178.64.129.2/login,1
http://6oogle-secure-login.site/w8xw115rdwc/vc7kr7hg9,1
https://app.facebook.io/liomkki8g63d,0
https://secure-microsoft-login.ru/3kio1bf/tzxgpi3ed25/c69bkam0im,1
http://payl04-secure-login.cf/,1
https://blog.apple.com/login,0
http://bit.ly/57j544,1
https://api.twitter.ai/e917nzq4hka,0
https://instagram.com,0
http://microsoft.com.verify-secure.tk/vbgob4ipu/f18,1
https://api.amazon.net/546/ix13tbc,0
http://tvnusx.biz/3da9%2Fc0e60f5188,1
https://secure-twitter-login.biz/zxmrhwnd5lq/v204/aup4,1
http://bit.ly/mrha26,1
https://api.facebook.net/0a09gc/gj3ucd,0
http://gvlbzbrc.biz/9478f20%2F11a2b8f5%2Fbccca80367%2F4600f81f%2Fda683,1
https://amazon.dev/uq9fsn7nkuc,0
https://api.netflix.co/ridi/5zzqu/s85z,0
http://vtfqca.tk/f63c%2Fef633d%2F17120,1
https://instagram.org/login,0
https://api.paypal.dev/pdvf/upak7nspf/672k,0
http://bit.ly/xno9uk,1
https://paypal.com/login,0
https://facebook.org/1sbqq2z/3zh,0
https://api.netflix.io/5kuih/9qeta7f5e32r/0vcov,0
http://153.42.54.21/login,1
http://t1itter-secure-login.biz/qtiqp99/n7089kisv9b,1
http://netflix.com.verify-secure.ml/5tlqo/jsxgfao,1
https://app.netflix.com/awjwr9j7/6e8,0
https://app.google.com/login,0
http://20.179.120.4/login,1
http://facebook.com.verify-login.cf/w2akub,1
https://api.apple.dev,0
http://bit.ly/tpry6c,1
https://app.microsoft.dev/un34w3trqc/q6x9ocw4fr,0
https://blog.amazon.net/haqwjxoy1/1af5oqw/v5ilvwymgiv,0
https://app.google.com/w7ss8,0
http://bit.ly/tlkb3e,1
https://blog.facebook.io/tfd,0
https://www.apple.org,0
https://blog.instagram.in,0
http://bit.ly/pxl8g0,1
https://www.amazon.net/zvf0qmdl/x91micumtf4,0
https://app.microsoft.dev,0
https://paypal.dev/gjjkfpqwvz,0
https://api.instagram.com,0
https://paypal.io/dsi/ds1l2cthau1i/j6ma6,0
https://www.amazon.dev/zd14w6gyl8c,0
https://blog.google.com/login,0
https://microsoft.dev/login,0
http://nxyeghjqqjru.ru/609033%2Fadcc9a,1
http://google.com.verify-login.cf/,1
https://app.instagram.io/login,0
https://blog.google.dev,0
https://blog.google.org/1uw/jc65/1zen6,0
http://114.121.208.215/login,1
http://amazon.com.verify-login.ml/,1
http://twitter-secure-login.xyz/,1
https://blog.twitter.org/ylhihc04x2xu,0
http://ngabycyrqgo.co/7d4242f76%2F9c59cd,1
http://amazon.com.verify-secure.xyz/budxu/4utfpbetf/2puk1,1
http://122.20.93.166/login,1
https://app.apple.org/2gh4a/vrhfa1o,0
https://secure-netflix-login.info/jptl76q3tk3,1
https://microsoft.com/login,0
https://blog.google.io,0
https://api.apple.io/upivjtu229y,0
https://blog.paypal.ai/klvr77uc/tw1m637e4w51,0
https://app.apple.co/2x98/mxvdjjite/pjin6zm,0
https://www.apple.com/xfjdp4x,0
http://6acebook-secure-login.cf/2vmtxse/v8alv/lufvocbwojrl,1
https://api.netflix.com/lnn4k,0
https://www.twitter.ai/2y7/bwshn3u3r/ydt1,0
https://twitter.co/rlxeto/p3x0mtzsj,0
https://twitter.io/gke,0
https://app.netflix.org,0
https://app.paypal.dev/yx8w/mppyw,0
https://google.co/fc9a0d6/b1j44/37k3h,0
https://api.facebook.io/ck8c,0
https://netflix.in/6aoft1jwlh/4l2u,0
https://blog.netflix.dev/7pk81sd,0
http://twitter-secure-login.xyz/hkimn574j9nm/lxea1xa/1ba8dzry,1
https://blog.twitter.in,0
http://yjuezwwxttq.org/43f00%2Ff224%2Fddb4c%2Fc47b%2F4b6c2bc,1
https://api.facebook.in/2f8zdzgub8,0
https://secure-amazon-login.cf/,1
http://bit.ly/la6pdf,1
https://app.paypal.net/mo8m/47ks2,0
https://secure-microsoft-login.site/uw9jy/x7qqdigvib/d7mzgiv9p,1
http://32.160.207.214/login,1
https://api.instagram.io/cz4zsmnx/4povu3/l5hglk4u,0
https://app.google.net/qewlbcy46hbb/lmobaqdk7jh/zuvtooa1,0
https://blog.amazon.io,0
https://blog.apple.in/wydsdohcj/22zbs9if5snd/zo7zbvkl,0
https://api.netflix.org/i2q,0
https://www.apple.co,0
http://bit.ly/64ixmf,1
https://api.amazon.in/twz179dq/7rfb1u53gu9s/lcg53chdgt8z,0
http://116.78.220.145/login,1
http://qtqxgnkzn.tk/c0662%2F1388c08db%2F896be0b8%2F656b08f78,1
http://googli-secure-login.ml/re2et8ro7/ukx6ywux9zr,1
http://166.249.55.192/login,1
http://bit.ly/41m0p0,1
https://www.amazon.in/apkxu5wlm,0
http://tlcvegnm.ru/7cb05%2F7890e1%2F0a4f%2F3f32e%2F802e1b%2Fbd246,1
http://amazon.com.verify-login.ga/,1
http://facebook.com.verify-secure.cf/6l8k7ld/5piocv82enu,1
https://app.google.com/iobxxzl,0
http://instagram-secure-login.ml/6ncmh5u2k5,1
https://api.facebook.org/3ac/0xg534/a40997,0
https://app.netflix.org/hg8t,0
http://bit.ly/rzp2bt,1
https://blog.google.org/q0yagghe02/6r2,0
https://blog.instagram.net/ho0suiiito/saw0u69d/eikvsw,0
https://amazon.io/8211fwvpu,0
https://blog.facebook.io/vcglvvj0um/x4o/swh9,0
http://qpiercih.tk/4c68965%2Ff3c9c33ef1%2Fe1f9107%2Fe8056%2F5d2ade9951%2F796dbb,1
https://api.google.dev/r6c0v6cf8dpe/1odot2,0
http://59.248.14.98/login,1
http://bit.ly/m7uop0,1
https://api.instagram.in/74jpmnp,0
https://app.amazon.ai/0syxp,0
http://105.86.96.182/login,1
https://facebook.net,0
http://google-secure-login.ru/g5herxl51,1
http://bit.ly/1l3o5v,1
https://www.google.ai/kpc4nd4ax9/8hog2,0
https://api.amazon.com/t06ry36bt,0
https://secure-amazon-login.ru/y66/66yhkdzgntiq,1
http://netflix.com.verify-secure.ga/ate1kbj/fdiew/hpi,1
http://bit.ly/nr3p5g,1
http://twitter.com.verify-account.ga/655384y6z1/65o13j1j7x,1
http://bit.ly/veabu4,1
https://blog.paypal.in/sgxdlfdypgyf/491av,0
http://50.189.187.86/login,1
http://facebook.com.verify-secure.ru/or7a/fj2tki9c1,1
https://paypal.ai,0
https://secure-microsoft-login.info/wya22mp/jo2/d44fg,1
https://app.microsoft.io/4dh,0
https://api.facebook.org/p8f670,0
https://microsoft.com/25z/legwao41/e2ig5i42b72n,0
http://faceblok-secure-login.xyz/vj56rhuw/ozxae/63mqg2h6kh,1
https://microsoft.org/qgxt7ysf,0
http://iinectmm.ml/8d5f0%2F87fb6060%2F093e927%2F5139%2F6fd9%2F2bba6,1
https://app.twitter.dev/r3e/qo27bpp2wse,0
https://api.paypal.dev/qz2jpat7w,0
http://jaajpaoh.biz/47b372abb2%2F068457%2Ff823,1
https://api.netflix.ai/login,0
https://app.facebook.co,0
https://api.netflix.com/w6xuo/ts8sllui4q/hxtjgursmt,0
https://www.instagram.ai/knptgjbfg/jghebrq/352ujzwo3k,0
http://bit.ly/7utkkd,1
http://paypal-secure-login.ga/u6nds6/gmq/bs7,1
https://api.google.io/08wjynwntlo/xziva1sfp3/otp9h,0
http://bit.ly/l5sikn,1
https://api.instagram.com/rycrcmniltp3/ir3tawj30jk,0
https://api.netflix.org/lcdguuo1/yzo2169d,0
https://paypal.ai/login,0
https://facebook.dev/ra75,0
http://198.107.188.21/login,1
https://api.twitter.in/login,0
http://122.31.191.184/login,1
https://instagram.dev/1em,0
https://google.net/ab6/6uq4h/0bxbgw9hoot,0
http://facebook.com.verify-account.ml/,1
http://bit.ly/rts0pl,1
http://1aceboo3-secure-login.info/4utx/5m0b773x,1
https://secure-google-login.site/7mwx1u48/j3g,1
https://api.netflix.org,0
https://blog.twitter.ai/la0w0/onalqe,0
http://bit.ly/vr5o0i,1
http://facebook.com.verify-secure.xyz/x4xicyoqt/rmtpu5/qvfk33,1
https://secure-microsoft-login.ml/,1
https://api.google.in/80qah/49cdm1,0
https://www.facebook.com/teynbzcchh/2swzfok1vb,0
http://52.49.122.36/login,1
https://app.microsoft.dev/qfpdl2n/gfd7rfgu895,0
http://insta0ra1-secure-login.cf/ito,1
http://netflix.com.verify-login.tk/8uuj2ovwta9,1
https://netflix.in/x4rhe0mh8/fv4,0
https://api.twitter.io/i0zsd04iw/d41v,0
http://amazon-secure-login.biz/wgcabpw2v/op1hl,1
https://api.paypal.io,0
http://vmbgnbugmir.ai/169aed%2F3909%2F025bf22%2Fa30cfdc33,1
http://microsoft.com.verify-secure.ml/enu5gowxqh/7bzdbsm,1
https://secure-apple-login.site/h27idlh5/3hfgjdg,1
https://app.microsoft.io/yvkyvfgy/jpyn/5x3gqki,0
https://secure-twitter-login.top/,1
https://www.paypal.ai/odsjpa3hyk/qcmyi7ga,0
http://hqsfbu.ru/c79cb1b%2F52de07c57%2F6c2d29f,1
https://secure-twitter-login.ga/u385eru/fd6rj,1
https://twitter.net,0
http://134.207.136.183/login,1
https://secure-google-login.cf/3ge3lzd86v,1
http://bit.ly/zkcj7u,1
http://agtltrmeemjm.biz/8716c9%2Fcadfe94f77%2F0229cb67b%2F8cafb%2F13b6aae789%2F1971,1
http://microsoft-secure-login.ru/5nauj0k1kxzn,1
https://api.twitter.ai/iayn1e28bf/xti2/o37k27k9,0
https://app.amazon.ai,0
https://twitter.net/yvo1or83l5/ovsdsz,0
https://api.twitter.co/u6it/lon3qf,0
http://apple.com.verify-account.cf/cilg0tt9r5c/p17d,1
https://www.facebook.com/bm5jjw,0
https://twitter.org/login,0
http://netflix.com.verify-login.biz/f0cg,1
https://app.google.io/login,0
http://facebook.com.verify-secure.ml/rdvxp23u8z2,1
http://bit.ly/hv4k5d,1
http://facebook.com.verify-secure.xyz/96t81smpf,1
https://app.google.in/login,0
http://yzquki.site/f9a89cc9%2Fd6fb%2Ff587b3%2Fc64191c4,1
https://api.paypal.net/93jg0dr5sc/rlrsyq3ugb,0
http://197.156.28.33/login,1
https://apple.co/login,0
https://blog.paypal.in/fxxh3luwb/c86xpn31a,0
http://zbnpqpzhgda.com/f94515eaa%2F0998%2F9199b2dda%2Fd98b70%2F6e6b753,1
https://app.twitter.org/85vs/ycl3l0dz/uy8yuqa88en,0
https://www.microsoft.net/bqt,0
https://www.google.net/vr7ldq0bwe14,0
https://amazon.org/a24a,0
https://api.google.co,0
https://netflix.net/bb3wok/cje26c3qr8/kfpxqz76,0
http://bit.ly/sl521p,1
http://97.109.48.45/login,1
https://secure-instagram-login.ga/xi2s5n7/mzsa3oue39/gvu209fxqza,1
https://google.io/9dfqiz,0
http://f6c7book-secure-login.top/9g4v229syqo,1
http://pucbhi.info/ea324d3%2Fbf86c13%2Fb77c9c0%2Fc314cf7f3,1
https://app.amazon.in/v0mas5r/tt14q,0
http://bit.ly/84dvkj,1
http://bit.ly/y58l5w,1
http://knmomyswfwbp.biz/e87b2a94%2Ffda2483d%2Fb6bd2ea%2Fc6f30,1
http://apple-secure-login.tk/bj56im/dqmjokriuy6w,1
http://microsoft.com.verify-secure.biz/spkabj3,1
https://www.instagram.org/7mjq0zkn,0
https://secure-netflix-login.ga/sdn15b6,1
http://xjjjvjoxe.top/a30985ac4%2Fc543%2Ff469364e,1
http://paypal.com.verify-login.xyz/,1
https://blog.instagram.ai/x2ecepa6ygh/jmq/wc2z,0
http://twitter.com.verify-account.ru/qdbati3pyla7,1
https://blog.google.in/vmyne,0
https://blog.microsoft.co/5j1/wwdb/26fjvcmqo6r0,0
https://www.google.in/eobl,0
https://www.twitter.io/0hxb,0
https://blog.amazon.ai/ghdgvx2w5,0
https://secure-paypal-login.ml/,1
http://apple-secure-login.tk/bx6l8,1
https://secure-microsoft-login.cf/ygkeoaxp7,1
http://facebo9k-secure-login.ga/gn19dcj8/jju61h,1
https://netflix.in/utglr/kp1pwv2fp7,0
https://api.facebook.ai/oq5h75z9hjf7/vnnfhae2/9rgzwka624,0
http://tw8tter-secure-login.tk/col83c/6y2ixyt/7esg0sslq,1
http://bit.ly/zr28vk,1
https://www.google.io,0
https://api.instagram.org/ygy,0
https://www.apple.in/pkqy1f5aede/b55p6,0
http://imizxete.biz/a23d0%2F667b879cf,1
http://19.104.131.97/login,1
https://microsoft.dev,0
https://api.twitter.io/7vi,0
http://goog9e-secure-login.xyz/1235mo1985/9lp,1
https://paypal.io/daszfotz04/tjftiu4w6/lu3w,0
http://houorblfak.top/4686%2Ff497249111,1
http://8pple-secure-login.ga/akzl28q2vu4/ptufzwq2bxb,1
https://blog.apple.dev/6gpbok2dpk/uknl9lysbm1f/nhp,0
https://google.ai/kouj97xk/0tp5nsnow0,0
https://blog.netflix.ai/x2o7,0
https://app.microsoft.in/nzekkzrtt/51cvaqytptsi,0
https://app.paypal.in/8hb2ef6ll6q/qyu3espbp2wf/utd531mt1,0
https://instagram.in,0
https://api.instagram.co/fx6y21063/d17v87yux,0
http://paypal-secure-login.top/uwlbkr/tvcj/gt1y7laz9,1
https://www.twitter.co/rnu7f0/7ei2/knswxvgmhw6z,0
https://www.netflix.net/login,0
https://app.google.ai/o6pdffjx1/wyksc3cm9odh/88568j2,0
http://yssvct.com/1b9b10%2Fe5ab28,1
https://secure-apple-login.ru/,1
https://secure-amazon-login.xyz/hd3/6gwvs,1
http://pay3al-secure-login.ga/,1
https://blog.amazon.in/5vz7qfprfuu5/b0xdbx3f/6h58j3,0
http://bit.ly/89w28d,1
https://secure-paypal-login.ga/o1gavalrf,1
https://blog.instagram.io/kvff9kvrie/jiviohaqqrb,0
http://facebook.com.verify-account.ml/dx7r2libi,1
http://bit.ly/lner17,1
https://secure-google-login.ml/3oto26h,1
http://microsoft.com.verify-account.top/21f3hb/t0hdrbh/ucmfq33,1
http://bit.ly/ut5nz6,1
http://google.com.verify-account.top/ublmayzccor3,1
http://i8it8gram-secure-login.ru/f83n6/j38s2t/jqz6rl,1
http://109.227.40.98/login,1
http://microsoft.com.verify-secure.site/ndls99/iys7s,1
https://blog.instagram.net/36y,0
http://twitter.com.verify-login.ml/hwu,1
https://blog.apple.in/j3gx1ghygfdu/ijdrxpj,0
http://apple.com.verify-secure.ga/59dhg/5dgws1f7/g36qqy8k7,1
https://app.apple.net/jyn5/39h/g42,0
https://secure-netflix-login.cf/22m/1d27bfqjmgl,1
http://apple.com.verify-account.cf/rz2ieb8byctm/m4jyhi/1j1027b,1
https://app.twitter.in/vedszkf7o7gj/rxf24q,0
https://www.apple.in,0
https://secure-amazon-login.top/6zlt9/4ydadg51/ybpkm8a30,1
http://google.com.verify-account.ga/w7wz,1
http://bit.ly/dyiypq,1
https://app.amazon.ai/login,0
http://microsoft-secure-login.site/,1
https://www.instagram.in/login,0
https://app.apple.co/bsqzeyh/rkbxyp/nzwfxxbbi5u,0
https://app.netflix.co/40k51i5oop,0
https://paypal.ai/ac1,0
https://secure-netflix-login.xyz/jg9exjw4gk09/ai4agd,1
https://secure-apple-login.biz/4dbx,1
http://kcypspkbss.ru/341fa%2Fd6c91%2F00103cd%2F9fbdbc901,1
http://ncjvaqgti.in/39ef3033df%2F41f5%2F5c3e37f5%2Fd816b8%2F00b38%2F472852d,1
http://vrmntyltsnkf.xyz/adc2d4bcb4%2F284e%2Ff505965b,1
https://app.microsoft.dev/tr9hxl/qxhn6527089,0
https://api.google.io/beuejqwvx3/elvci8wotk7/6iw1w,0
https://blog.microsoft.io/u5dxszxoof,0
https://blog.amazon.dev/a2nlh8q/w7zzqemho,0
https://secure-paypal-login.site/bvo20c2u,1
http://t7itter-secure-login.ml/ssdjk6bhln1/px7m,1
https://instagram.dev/u9bs/jkn32i,0
https://api.microsoft.net/fag5,0
https://blog.twitter.org/2x2ueqymx/p3uf5atj,0
https://microsoft.com/0fu6p2by,0
https://api.facebook.com/13a/jv89bacor,0
https://blog.amazon.org/6yq/gs00cjllk,0
https://www.netflix.in/c02hcke7p/hs54hb6c4/oagm445csv,0
http://twitter-secure-login.biz/wwi/gr5v07ol2lo4/8a2fgqkg28t,1
https://api.paypal.org/0z99/rwr,0
https://blog.facebook.co,0
https://app.amazon.in,0
https://api.netflix.net/i1bcjlp,0
https://www.netflix.co/dwq/9dh3y/i3rf5xit2ec8,0
http://twitter.com.verify-secure.tk/7pk3hyqyfcqd,1
http://198.167.136.222/login,1
https://www.netflix.co/o47vof/vqyi0/u248w,0
https://api.paypal.org/kui2w/lxz9z8qlbp0/dunoo,0
https://api.amazon.com/c4peerb/zcckew8,0
http://bit.ly/9lp1zs,1
http://microsoft-secure-login.cf/vu6,1
https://instagram.io/bef4yxd205i4/19260k7,0
https://amazon.ai/2psx73a,0
https://blog.instagram.com/w2oq6va41t/o9k6ez9i,0
https://app.amazon.net/dro6bs/mwbrtm9,0
https://app.google.ai,0
https://secure-facebook-login.ml/qj9i3vowr,1
https://app.facebook.dev/u8uvuz,0
https://apple.io/login,0
http://phpcelvnhos.biz/c21c%2F4157%2F7f288d76,1
https://blog.facebook.ai/pj65rtcxdswg/7aglyl2ql/la0mfc,0
https://app.google.net/389ejy58,0
https://blog.paypal.org/login,0
https://www.amazon.co/login,0
https://api.facebook.org/login,0
https://blog.netflix.org,0
https://blog.instagram.com/fxfdazcf9/g84tc7p,0
https://instagram.com/s0kra3qo,0
https://api.amazon.ai/0w07nw7ay2f/i3hmj8lsbrvo,0
https://netflix.net/n4ebrdrcy/kjjhxs/qwdl,0
https://www.twitter.net,0
http://goog8e-secure-login.ml/5klog1,1
https://secure-google-login.ml/b74lnqjyd/xnc5,1
http://xwtewvmhvtv.com/53c1%2Fb1ffbf1%2F6a1662c783,1
https://blog.amazon.dev/unt011,0
https://facebook.com/q52as/65yve4cvi,0
http://inst2gr9m-secure-login.tk/65k17,1
https://blog.twitter.net/yrwii8r4c7wy,0
http://bit.ly/15s2hl,1
https://secure-google-login.top/a9y/4ec6,1
http://odzxuqqrcjpd.co/016fdf2a3%2F2f43%2F0dd3f80,1
http://netfl0x-secure-login.top/i9uzxs3j/wm2k4,1
http://swvzotv.org/708b7%2F9cc1%2F382e9a30%2F54a5%2F8036%2F9bbe,1
https://blog.apple.in,0
http://micr2soft-secure-login.info/lqwx4u/ie07,1
https://www.instagram.in,0
http://bit.ly/pxqju0,1
http://netflix.com.verify-secure.ga/,1
https://blog.apple.dev/zhlxbavu5xbp/giefyizeh4f/iyznxovy1mpn,0
https://blog.amazon.dev/zb3m,0
http://paypal-secure-login.ga/,1
https://blog.netflix.ai/login,0
https://paypal.co/1nfivbpkeu,0
http://50.49.219.237/login,1
https://secure-microsoft-login.tk/uzj/i4r2tj147/i5yv89einv2,1
http://bit.ly/9jr7zg,1
http://facebook.com.verify-login.top/154g9v,1
http://167.225.54.18/login,1
http://193.197.122.85/login,1
https://blog.microsoft.net/d66w21/1kwg,0
http://147.189.47.87/login,1
https://google.co/9dhox8,0
http://0maz9n-secure-login.top/,1
http://paypal-secure-login.cf/7v5n,1
http://microsoft-secure-login.xyz/1ct/gwv/h4ih1hw9u992,1
https://secure-instagram-login.xyz/laj/155mvw76/fgtb2dsb2c5p,1
https://blog.twitter.ai/9b0ho7pr1nb/i54aa2t/dqaegg0m50,0
http://bit.ly/l7r6sb,1
https://www.netflix.com/2v1/5uj7ckn/brkabka7kw5,0
https://app.instagram.io,0
https://blog.paypal.org/p71of2zv/88xlu9ys,0
http://edrtpatoocgp.tk/4282561a9%2Ff167%2F4561177,1
https://www.amazon.net/551f/joudlq/jtg3xd4k7d5t,0
https://www.twitter.com,0
https://www.google.in/przuhna9yvmi/7as1zszf7v3/oher,0
http://girigwijjl.ai/b15fb89%2Fd040aacc2f%2F7c9ea%2Fd693300%2Feb88bc%2F9d92b,1
https://secure-paypal-login.ga/80cgw9mp,1
https://app.twitter.com/login,0
https://www.paypal.co/login,0
http://bit.ly/pnypi0,1
https://secure-google-login.biz/,1
http://ttvtghfxn.net/6c88b%2Fd0b6d567be%2Ff7b6d298,1
https://api.netflix.ai/laqrxg1xnn2/vvn0ul2,0
https://blog.google.org/login,0
https://blog.facebook.org/login,0
https://blog.instagram.dev/3lhh9tp/ykzf006mp,0
https://app.google.ai,0
https://www.amazon.co/7ub/bqy9vl7v0qt/qyh,0
http://paypal-secure-login.biz/ptnsl3dhwd/5265y8k0,1
http://m6crisoft-secure-login.biz/vbd4mqm4mx,1
https://app.amazon.io/uke,0
http://go6gle-secure-login.cf/gu9va6x423/ukz6fex/tv7n7r,1
https://instagram.net/wuemlau4h/qfyy,0
https://paypal.com/login,0
https://www.google.io/r8hj9aq45,0
https://secure-paypal-login.top/b21s80o/br8q/787dfbyj3i,1
http://92.72.47.215/login,1
https://app.google.ai/8q4,0
http://facebook.com.verify-login.biz/7uv9,1
http://26.139.175.67/login,1
https://app.netflix.co/3dqli1626i,0
http://jdyyvzrsrjwq.biz/80dac6f8%2Fb8a4%2F0f20d,1
https://api.netflix.org/4pmtrwglqg/l89/oi90szv,0
http://instagram.com.verify-login.site/,1
http://apple-secure-login.cf/,1
http://netflix-secure-login.biz/mxk2uqcz/h2osx8ypm/35ximnda8y,1
http://vkdvvyn.xyz/17d69908c%2Fbf043da53%2F0cf2afb8d%2Fb2bb4887%2Fa69a3d990%2F75d9295249,1
http://lwhzfohgmvq.co/754e0%2F8d25457d%2F8f76f6%2F729b7f6d%2F254402bd34%2F245b39f6,1
http://inoyducxfucw.top/ec827%2F1d6c0a89e%2F75fc46%2Fcb38461b62%2Fefc1240c8%2F0c6803,1
https://www.netflix.in/6seqemyzri/2px8a1,0
https://api.amazon.co/7rkl,0
https://blog.google.org/upz7bqthx,0
http://netf1ix-secure-login.top/tn8yw8w/vi94jfy/o0tx21sxrbnj,1
https://api.microsoft.co/g2ju1c/bkg04/sil2v,0
https://secure-twitter-login.ga/9hvys26wp,1
https://secure-instagram-login.tk/43qrw08/uwkg/wsyq7nqtx7q,1
http://bit.ly/jebqli,1
https://app.netflix.org/tltt58tib,0
http://apple.com.verify-account.info/nxheac/l93/zb0yoxo,1
https://app.netflix.org,0
https://paypal.org/6rk,0
http://porofvsh.cf/7f3d%2F831d541a7%2F3a22a3d%2F08f0%2Fc191f195d7%2Ff3ed3,1
http://bit.ly/5k42i7,1
http://qtmctq.com/bee395991%2F2860%2Fc34ab838a8%2Ffb4e75b5f2,1
http://199.49.163.103/login,1
https://app.paypal.ai/elfgxpnotmw,0
https://blog.apple.co/wgb4l4/hboxxkroh0/1w9ejda,0
http://kcigmns.cf/05105cff%2F3209ed5%2Ff677%2Ffbb18a%2F40eb2c,1
https://microsoft.com/q3c/lzp4brooc02p/amqr10m,0
https://www.facebook.net/bta03i4a,0
http://bit.ly/542pqn,1
https://api.facebook.org,0
http://68.63.165.169/login,1
https://www.microsoft.co/cgmcc1,0
http://agcvfqmobrek.org/b134c2%2F5951e19%2F661996e1bd%2F5112,1
https://www.paypal.org/hss5myao,0
https://secure-facebook-login.ml/yjkret/evzuflf7eunx,1
https://app.paypal.org/7aptwa9x673,0
https://api.amazon.in,0
http://knwggq.ru/7ff20%2F2b195%2Fa909689e37%2F8257e%2F6dad1,1
https://api.amazon.dev,0
http://dfyyaywkp.ru/a55e02%2F093c91,1
https://secure-apple-login.info/7j6a/yhiegim/z1o6g9eo,1
http://109.238.149.157/login,1
http://uxyfdtxoj.net/a306d%2F67cc5ce,1
http://amazon-secure-login.cf/uff6/ace69blzka0/p3327f0,1
https://secure-google-login.cf/,1
http://facebook.com.verify-account.xyz/ds6n3fnyzsm0,1
http://paypal.com.verify-account.info/,1
https://api.facebook.io/jh76iy,0
https://secure-twitter-login.ga/,1
https://app.apple.org/oyve1rqd0v/0hldr8,0
https://amazon.io/66i3xfji,0
http://wuslqa.org/22d521931%2F5147d76bb%2F4b0604ee9%2F6c6cb8c%2F59b3d33%2Fd8475eaf88,1
https://app.google.ai/wg9r3vok/a809e,0
https://netflix.dev/3mtab1xruwg/w34d9q/53igx73ksqf,0
https://www.paypal.io/login,0
http://bit.ly/8cfunh,1
http://bit.ly/62td0d,1
https://blog.google.org/nbn82e,0
http://89.133.222.164/login,1
https://blog.instagram.io/3vtvn85pyrdn/n8cgrl5pj,0
http://bit.ly/q321gp,1
https://api.instagram.co,0
http://cwdvarjjvcs.dev/5bce49b901%2F48718ff%2Fb5b586%2Fe4bfbc8d%2F7b472%2F407a389,1

